player,group,teamFullName,Updated
A.J. Greer,F,Anaheim Ducks,2026-10-08 23:49 (PDT)
Leo Carlsson,F,Anaheim Ducks,2026-10-08 23:49 (PDT)
Cutter Gauthier,F,Anaheim Ducks,2026-10-08 23:49 (PDT)
Alex Killorn,F,Anaheim Ducks,2026-10-08 23:49 (PDT)
Mikael Granlund,F,Anaheim Ducks,2026-10-08 23:49 (PDT)
Beckett Sennecke,F,Anaheim Ducks,2026-10-08 23:49 (PDT)
Nikita Nesterenko,F,Anaheim Ducks,2026-10-08 23:49 (PDT)
Ryan Poehling,F,Anaheim Ducks,2026-10-08 23:49 (PDT)
Nikita Klepov,F,Anaheim Ducks,2026-10-08 23:49 (PDT)
Jeff Malott,F,Anaheim Ducks,2026-10-08 23:49 (PDT)
Tim Washe,F,Anaheim Ducks,2026-10-08 23:49 (PDT)
Judd Caulfield,F,Anaheim Ducks,2026-10-08 23:49 (PDT)
Jackson Lacombe,D,Anaheim Ducks,2026-10-08 23:49 (PDT)
Tristan Luneau,D,Anaheim Ducks,2026-10-08 23:49 (PDT)
Pavel Mintyukov,D,Anaheim Ducks,2026-10-08 23:49 (PDT)
Travis Mitchell,D,Anaheim Ducks,2026-10-08 23:49 (PDT)
Tyson Hinds,D,Anaheim Ducks,2026-10-08 23:49 (PDT)
Noah Warren,D,Anaheim Ducks,2026-10-08 23:49 (PDT)
Beckett Sennecke,PP1,Anaheim Ducks,2026-10-08 23:49 (PDT)
Leo Carlsson,PP1,Anaheim Ducks,2026-10-08 23:49 (PDT)
Mikael Granlund,PP1,Anaheim Ducks,2026-10-08 23:49 (PDT)
Jackson Lacombe,PP1,Anaheim Ducks,2026-10-08 23:49 (PDT)
Cutter Gauthier,PP1,Anaheim Ducks,2026-10-08 23:49 (PDT)
Alex Killorn,PP2,Anaheim Ducks,2026-10-08 23:49 (PDT)
Ryan Poehling,PP2,Anaheim Ducks,2026-10-08 23:49 (PDT)
Nikita Klepov,PP2,Anaheim Ducks,2026-10-08 23:49 (PDT)
Tristan Luneau,PP2,Anaheim Ducks,2026-10-08 23:49 (PDT)
Pavel Mintyukov,PP2,Anaheim Ducks,2026-10-08 23:49 (PDT)
Ryan Poehling,PK1,Anaheim Ducks,2026-10-08 23:49 (PDT)
Alex Killorn,PK1,Anaheim Ducks,2026-10-08 23:49 (PDT)
Jackson Lacombe,PK1,Anaheim Ducks,2026-10-08 23:49 (PDT)
Pavel Mintyukov,PK1,Anaheim Ducks,2026-10-08 23:49 (PDT)
Tim Washe,PK2,Anaheim Ducks,2026-10-08 23:49 (PDT)
Mikael Granlund,PK2,Anaheim Ducks,2026-10-08 23:49 (PDT)
Noah Warren,PK2,Anaheim Ducks,2026-10-08 23:49 (PDT)
Tyson Hinds,PK2,Anaheim Ducks,2026-10-08 23:49 (PDT)
Lukas Dostal,G,Anaheim Ducks,2026-10-08 23:49 (PDT)
Ville Husso,G,Anaheim Ducks,2026-10-08 23:49 (PDT)
Troy Terry,INJ,Anaheim Ducks,2026-10-08 23:49 (PDT)
Ian Moore,INJ,Anaheim Ducks,2026-10-08 23:49 (PDT)
Drew Helleson,INJ,Anaheim Ducks,2026-10-08 23:49 (PDT)
Morgan Geekie,F,Boston Bruins,2026-10-08 23:49 (PDT)
Pavel Zacha,F,Boston Bruins,2026-10-08 23:49 (PDT)
David Pastrnak,F,Boston Bruins,2026-10-08 23:49 (PDT)
Marat Khusnutdinov,F,Boston Bruins,2026-10-08 23:49 (PDT)
Fraser Minten,F,Boston Bruins,2026-10-08 23:49 (PDT)
JJ Peterka,F,Boston Bruins,2026-10-08 23:49 (PDT)
Casey Mittelstadt,F,Boston Bruins,2026-10-08 23:49 (PDT)
Elias Lindholm,F,Boston Bruins,2026-10-08 23:49 (PDT)
James Hagens,F,Boston Bruins,2026-10-08 23:49 (PDT)
Tanner Jeannot,F,Boston Bruins,2026-10-08 23:49 (PDT)
Matthew Poitras,F,Boston Bruins,2026-10-08 23:49 (PDT)
Mark Kastelic,F,Boston Bruins,2026-10-08 23:49 (PDT)
Hampus Lindholm,D,Boston Bruins,2026-10-08 23:49 (PDT)
Will Borgen,D,Boston Bruins,2026-10-08 23:49 (PDT)
Nikita Zadorov,D,Boston Bruins,2026-10-08 23:49 (PDT)
Connor Clifton,D,Boston Bruins,2026-10-08 23:49 (PDT)
Frederic Brunet,D,Boston Bruins,2026-10-08 23:49 (PDT)
Mason Lohrei,D,Boston Bruins,2026-10-08 23:49 (PDT)
Morgan Geekie,PP1,Boston Bruins,2026-10-08 23:49 (PDT)
Pavel Zacha,PP1,Boston Bruins,2026-10-08 23:49 (PDT)
JJ Peterka,PP1,Boston Bruins,2026-10-08 23:49 (PDT)
David Pastrnak,PP1,Boston Bruins,2026-10-08 23:49 (PDT)
Hampus Lindholm,PP1,Boston Bruins,2026-10-08 23:49 (PDT)
James Hagens,PP2,Boston Bruins,2026-10-08 23:49 (PDT)
Fraser Minten,PP2,Boston Bruins,2026-10-08 23:49 (PDT)
Casey Mittelstadt,PP2,Boston Bruins,2026-10-08 23:49 (PDT)
Elias Lindholm,PP2,Boston Bruins,2026-10-08 23:49 (PDT)
Mason Lohrei,PP2,Boston Bruins,2026-10-08 23:49 (PDT)
Elias Lindholm,PK1,Boston Bruins,2026-10-08 23:49 (PDT)
Marat Khusnutdinov,PK1,Boston Bruins,2026-10-08 23:49 (PDT)
Hampus Lindholm,PK1,Boston Bruins,2026-10-08 23:49 (PDT)
Will Borgen,PK1,Boston Bruins,2026-10-08 23:49 (PDT)
Fraser Minten,PK2,Boston Bruins,2026-10-08 23:49 (PDT)
Pavel Zacha,PK2,Boston Bruins,2026-10-08 23:49 (PDT)
Nikita Zadorov,PK2,Boston Bruins,2026-10-08 23:49 (PDT)
Connor Clifton,PK2,Boston Bruins,2026-10-08 23:49 (PDT)
Jeremy Swayman,G,Boston Bruins,2026-10-08 23:49 (PDT)
Michael DiPietro,G,Boston Bruins,2026-10-08 23:49 (PDT)
Charlie McAvoy,INJ,Boston Bruins,2026-10-08 23:49 (PDT)
Peyton Krebs,F,Buffalo Sabres,2026-10-08 23:49 (PDT)
Jiri Kulich,F,Buffalo Sabres,2026-10-08 23:49 (PDT)
Tage Thompson,F,Buffalo Sabres,2026-10-08 23:49 (PDT)
Zach Benson,F,Buffalo Sabres,2026-10-08 23:49 (PDT)
Noah Ostlund,F,Buffalo Sabres,2026-10-08 23:49 (PDT)
Jack Quinn,F,Buffalo Sabres,2026-10-08 23:49 (PDT)
Ryan McLeod,F,Buffalo Sabres,2026-10-08 23:49 (PDT)
Josh Norris,F,Buffalo Sabres,2026-10-08 23:49 (PDT)
Konsta Helenius,F,Buffalo Sabres,2026-10-08 23:49 (PDT)
Beck Malenstyn,F,Buffalo Sabres,2026-10-08 23:49 (PDT)
Justin Danforth,F,Buffalo Sabres,2026-10-08 23:49 (PDT)
Josh Doan,F,Buffalo Sabres,2026-10-08 23:49 (PDT)
Rasmus Dahlin,D,Buffalo Sabres,2026-10-08 23:49 (PDT)
Mattias Samuelsson,D,Buffalo Sabres,2026-10-08 23:49 (PDT)
Olen Zellweger,D,Buffalo Sabres,2026-10-08 23:49 (PDT)
Owen Power,D,Buffalo Sabres,2026-10-08 23:49 (PDT)
Zach Metsa,D,Buffalo Sabres,2026-10-08 23:49 (PDT)
Louis Crevier,D,Buffalo Sabres,2026-10-08 23:49 (PDT)
Jack Quinn,PP1,Buffalo Sabres,2026-10-08 23:49 (PDT)
Zach Benson,PP1,Buffalo Sabres,2026-10-08 23:49 (PDT)
Noah Ostlund,PP1,Buffalo Sabres,2026-10-08 23:49 (PDT)
Tage Thompson,PP1,Buffalo Sabres,2026-10-08 23:49 (PDT)
Rasmus Dahlin,PP1,Buffalo Sabres,2026-10-08 23:49 (PDT)
Josh Norris,PP2,Buffalo Sabres,2026-10-08 23:49 (PDT)
Ryan McLeod,PP2,Buffalo Sabres,2026-10-08 23:49 (PDT)
Josh Doan,PP2,Buffalo Sabres,2026-10-08 23:49 (PDT)
Owen Power,PP2,Buffalo Sabres,2026-10-08 23:49 (PDT)
Olen Zellweger,PP2,Buffalo Sabres,2026-10-08 23:49 (PDT)
Ryan McLeod,PK1,Buffalo Sabres,2026-10-08 23:49 (PDT)
Beck Malenstyn,PK1,Buffalo Sabres,2026-10-08 23:49 (PDT)
Owen Power,PK1,Buffalo Sabres,2026-10-08 23:49 (PDT)
Mattias Samuelsson,PK1,Buffalo Sabres,2026-10-08 23:49 (PDT)
Josh Norris,PK2,Buffalo Sabres,2026-10-08 23:49 (PDT)
Zach Benson,PK2,Buffalo Sabres,2026-10-08 23:49 (PDT)
Rasmus Dahlin,PK2,Buffalo Sabres,2026-10-08 23:49 (PDT)
Louis Crevier,PK2,Buffalo Sabres,2026-10-08 23:49 (PDT)
Ukko-Pekka Luukkonen,G,Buffalo Sabres,2026-10-08 23:49 (PDT)
Colten Ellis,G,Buffalo Sabres,2026-10-08 23:49 (PDT)
Jason Zucker,INJ,Buffalo Sabres,2026-10-08 23:49 (PDT)
Conor Timmins,INJ,Buffalo Sabres,2026-10-08 23:49 (PDT)
Alex Lyon,INJ,Buffalo Sabres,2026-10-08 23:49 (PDT)
Matvei Gridin,F,Calgary Flames,2026-10-08 23:49 (PDT)
Morgan Frost,F,Calgary Flames,2026-10-08 23:49 (PDT)
Matt Coronato,F,Calgary Flames,2026-10-08 23:49 (PDT)
Yegor Sharangovich,F,Calgary Flames,2026-10-08 23:49 (PDT)
Mikael Backlund,F,Calgary Flames,2026-10-08 23:49 (PDT)
Joel Farabee,F,Calgary Flames,2026-10-08 23:49 (PDT)
Samuel Honzek,F,Calgary Flames,2026-10-08 23:49 (PDT)
Martin Pospisil,F,Calgary Flames,2026-10-08 23:49 (PDT)
Ryan Strome,F,Calgary Flames,2026-10-08 23:49 (PDT)
Aydar Suniev,F,Calgary Flames,2026-10-08 23:49 (PDT)
Jonathan Castagna,F,Calgary Flames,2026-10-08 23:49 (PDT)
Adam Klapka,F,Calgary Flames,2026-10-08 23:49 (PDT)
Kevin Bahl,D,Calgary Flames,2026-10-08 23:49 (PDT)
Zach Whitecloud,D,Calgary Flames,2026-10-08 23:49 (PDT)
Yan Kuznetsov,D,Calgary Flames,2026-10-08 23:49 (PDT)
Simon Nemec,D,Calgary Flames,2026-10-08 23:49 (PDT)
Jacob Middleton,D,Calgary Flames,2026-10-08 23:49 (PDT)
Zayne Parekh,D,Calgary Flames,2026-10-08 23:49 (PDT)
Joel Farabee,PP1,Calgary Flames,2026-10-08 23:49 (PDT)
Morgan Frost,PP1,Calgary Flames,2026-10-08 23:49 (PDT)
Matt Coronato,PP1,Calgary Flames,2026-10-08 23:49 (PDT)
Matvei Gridin,PP1,Calgary Flames,2026-10-08 23:49 (PDT)
Zayne Parekh,PP1,Calgary Flames,2026-10-08 23:49 (PDT)
Adam Klapka,PP2,Calgary Flames,2026-10-08 23:49 (PDT)
Ryan Strome,PP2,Calgary Flames,2026-10-08 23:49 (PDT)
Aydar Suniev,PP2,Calgary Flames,2026-10-08 23:49 (PDT)
Simon Nemec,PP2,Calgary Flames,2026-10-08 23:49 (PDT)
Yegor Sharangovich,PP2,Calgary Flames,2026-10-08 23:49 (PDT)
Mikael Backlund,PK1,Calgary Flames,2026-10-08 23:49 (PDT)
Joel Farabee,PK1,Calgary Flames,2026-10-08 23:49 (PDT)
Jacob Middleton,PK1,Calgary Flames,2026-10-08 23:49 (PDT)
Zach Whitecloud,PK1,Calgary Flames,2026-10-08 23:49 (PDT)
Yegor Sharangovich,PK2,Calgary Flames,2026-10-08 23:49 (PDT)
Samuel Honzek,PK2,Calgary Flames,2026-10-08 23:49 (PDT)
Yan Kuznetsov,PK2,Calgary Flames,2026-10-08 23:49 (PDT)
Kevin Bahl,PK2,Calgary Flames,2026-10-08 23:49 (PDT)
Devin Cooley,G,Calgary Flames,2026-10-08 23:49 (PDT)
Dustin Wolf,G,Calgary Flames,2026-10-08 23:49 (PDT)
Jonathan Huberdeau,INJ,Calgary Flames,2026-10-08 23:49 (PDT)
William Carrier,F,Carolina Hurricanes,2026-10-08 23:49 (PDT)
Sebastian Aho,F,Carolina Hurricanes,2026-10-08 23:49 (PDT)
Andrei Svechnikov,F,Carolina Hurricanes,2026-10-08 23:49 (PDT)
Taylor Hall,F,Carolina Hurricanes,2026-10-08 23:49 (PDT)
Logan Stankoven,F,Carolina Hurricanes,2026-10-08 23:49 (PDT)
Jackson Blake,F,Carolina Hurricanes,2026-10-08 23:49 (PDT)
Nikolaj Ehlers,F,Carolina Hurricanes,2026-10-08 23:49 (PDT)
Jordan Staal,F,Carolina Hurricanes,2026-10-08 23:49 (PDT)
Jordan Martinook,F,Carolina Hurricanes,2026-10-08 23:49 (PDT)
Eric Robinson,F,Carolina Hurricanes,2026-10-08 23:49 (PDT)
Mark Jankowski,F,Carolina Hurricanes,2026-10-08 23:49 (PDT)
Jesperi Kotkaniemi,F,Carolina Hurricanes,2026-10-08 23:49 (PDT)
Jaccob Slavin,D,Carolina Hurricanes,2026-10-08 23:49 (PDT)
Jalen Chatfield,D,Carolina Hurricanes,2026-10-08 23:49 (PDT)
K'Andre Miller,D,Carolina Hurricanes,2026-10-08 23:49 (PDT)
Sean Walker,D,Carolina Hurricanes,2026-10-08 23:49 (PDT)
Shayne Gostisbehere,D,Carolina Hurricanes,2026-10-08 23:49 (PDT)
Mike Reilly,D,Carolina Hurricanes,2026-10-08 23:49 (PDT)
Andrei Svechnikov,PP1,Carolina Hurricanes,2026-10-08 23:49 (PDT)
Sebastian Aho,PP1,Carolina Hurricanes,2026-10-08 23:49 (PDT)
Jackson Blake,PP1,Carolina Hurricanes,2026-10-08 23:49 (PDT)
Nikolaj Ehlers,PP1,Carolina Hurricanes,2026-10-08 23:49 (PDT)
Shayne Gostisbehere,PP1,Carolina Hurricanes,2026-10-08 23:49 (PDT)
Taylor Hall,PP2,Carolina Hurricanes,2026-10-08 23:49 (PDT)
Jordan Staal,PP2,Carolina Hurricanes,2026-10-08 23:49 (PDT)
Logan Stankoven,PP2,Carolina Hurricanes,2026-10-08 23:49 (PDT)
K'Andre Miller,PP2,Carolina Hurricanes,2026-10-08 23:49 (PDT)
Sean Walker,PP2,Carolina Hurricanes,2026-10-08 23:49 (PDT)
Jordan Staal,PK1,Carolina Hurricanes,2026-10-08 23:49 (PDT)
Jordan Martinook,PK1,Carolina Hurricanes,2026-10-08 23:49 (PDT)
Jaccob Slavin,PK1,Carolina Hurricanes,2026-10-08 23:49 (PDT)
Jalen Chatfield,PK1,Carolina Hurricanes,2026-10-08 23:49 (PDT)
Sebastian Aho,PK2,Carolina Hurricanes,2026-10-08 23:49 (PDT)
Eric Robinson,PK2,Carolina Hurricanes,2026-10-08 23:49 (PDT)
K'Andre Miller,PK2,Carolina Hurricanes,2026-10-08 23:49 (PDT)
Sean Walker,PK2,Carolina Hurricanes,2026-10-08 23:49 (PDT)
Pyotr Kochetkov,G,Carolina Hurricanes,2026-10-08 23:49 (PDT)
Brandon Bussi,G,Carolina Hurricanes,2026-10-08 23:49 (PDT)
Seth Jarvis,INJ,Carolina Hurricanes,2026-10-08 23:49 (PDT)
Alexander Nikishin,INJ,Carolina Hurricanes,2026-10-08 23:49 (PDT)
Oliver Moore,F,Chicago Blackhawks,2026-10-08 23:49 (PDT)
Frank Nazar,F,Chicago Blackhawks,2026-10-08 23:49 (PDT)
Patrick Kane,F,Chicago Blackhawks,2026-10-08 23:49 (PDT)
Tyler Bertuzzi,F,Chicago Blackhawks,2026-10-08 23:49 (PDT)
Anton Frondell,F,Chicago Blackhawks,2026-10-08 23:49 (PDT)
Roman Kantserov,F,Chicago Blackhawks,2026-10-08 23:49 (PDT)
Ryan Donato,F,Chicago Blackhawks,2026-10-08 23:49 (PDT)
Dominic Toninato,F,Chicago Blackhawks,2026-10-08 23:49 (PDT)
Nick Lardis,F,Chicago Blackhawks,2026-10-08 23:49 (PDT)
Cole Smith,F,Chicago Blackhawks,2026-10-08 23:49 (PDT)
Ryan Greene,F,Chicago Blackhawks,2026-10-08 23:49 (PDT)
Jordan Greenway,F,Chicago Blackhawks,2026-10-08 23:49 (PDT)
Bowen Byram,D,Chicago Blackhawks,2026-10-08 23:49 (PDT)
Artyom Levshunov,D,Chicago Blackhawks,2026-10-08 23:49 (PDT)
Alex Vlasic,D,Chicago Blackhawks,2026-10-08 23:49 (PDT)
Ian Cole,D,Chicago Blackhawks,2026-10-08 23:49 (PDT)
Wyatt Kaiser,D,Chicago Blackhawks,2026-10-08 23:49 (PDT)
Sam Rinzel,D,Chicago Blackhawks,2026-10-08 23:49 (PDT)
Tyler Bertuzzi,PP1,Chicago Blackhawks,2026-10-08 23:49 (PDT)
Roman Kantserov,PP1,Chicago Blackhawks,2026-10-08 23:49 (PDT)
Anton Frondell,PP1,Chicago Blackhawks,2026-10-08 23:49 (PDT)
Patrick Kane,PP1,Chicago Blackhawks,2026-10-08 23:49 (PDT)
Bowen Byram,PP1,Chicago Blackhawks,2026-10-08 23:49 (PDT)
Nick Lardis,PP2,Chicago Blackhawks,2026-10-08 23:49 (PDT)
Ryan Donato,PP2,Chicago Blackhawks,2026-10-08 23:49 (PDT)
Frank Nazar,PP2,Chicago Blackhawks,2026-10-08 23:49 (PDT)
Oliver Moore,PP2,Chicago Blackhawks,2026-10-08 23:49 (PDT)
Sam Rinzel,PP2,Chicago Blackhawks,2026-10-08 23:49 (PDT)
Oliver Moore,PK1,Chicago Blackhawks,2026-10-08 23:49 (PDT)
Cole Smith,PK1,Chicago Blackhawks,2026-10-08 23:49 (PDT)
Alex Vlasic,PK1,Chicago Blackhawks,2026-10-08 23:49 (PDT)
Ian Cole,PK1,Chicago Blackhawks,2026-10-08 23:49 (PDT)
Frank Nazar,PK2,Chicago Blackhawks,2026-10-08 23:49 (PDT)
Jordan Greenway,PK2,Chicago Blackhawks,2026-10-08 23:49 (PDT)
Wyatt Kaiser,PK2,Chicago Blackhawks,2026-10-08 23:49 (PDT)
Artyom Levshunov,PK2,Chicago Blackhawks,2026-10-08 23:49 (PDT)
Spencer Knight,G,Chicago Blackhawks,2026-10-08 23:49 (PDT)
Arvid Soderblom,G,Chicago Blackhawks,2026-10-08 23:49 (PDT)
Connor Bedard,INJ,Chicago Blackhawks,2026-10-08 23:49 (PDT)
Andrew Mangiapane,INJ,Chicago Blackhawks,2026-10-08 23:49 (PDT)
Teuvo Teravainen,INJ,Chicago Blackhawks,2026-10-08 23:49 (PDT)
Artturi Lehkonen,F,Colorado Avalanche,2026-10-08 23:49 (PDT)
Nathan MacKinnon,F,Colorado Avalanche,2026-10-08 23:49 (PDT)
Martin Necas,F,Colorado Avalanche,2026-10-08 23:49 (PDT)
Gabriel Landeskog,F,Colorado Avalanche,2026-10-08 23:49 (PDT)
Brock Nelson,F,Colorado Avalanche,2026-10-08 23:49 (PDT)
Nazem Kadri,F,Colorado Avalanche,2026-10-08 23:49 (PDT)
Jaden Schwartz,F,Colorado Avalanche,2026-10-08 23:49 (PDT)
Fedor Svechkov,F,Colorado Avalanche,2026-10-08 23:49 (PDT)
T.J. Hughes,F,Colorado Avalanche,2026-10-08 23:49 (PDT)
Parker Kelly,F,Colorado Avalanche,2026-10-08 23:49 (PDT)
Nicolas Roy,F,Colorado Avalanche,2026-10-08 23:49 (PDT)
Zachary L'Heureux,F,Colorado Avalanche,2026-10-08 23:49 (PDT)
Devon Toews,D,Colorado Avalanche,2026-10-08 23:49 (PDT)
Cale Makar,D,Colorado Avalanche,2026-10-08 23:49 (PDT)
Brett Kulak,D,Colorado Avalanche,2026-10-08 23:49 (PDT)
Sam Malinski,D,Colorado Avalanche,2026-10-08 23:49 (PDT)
Josh Manson,D,Colorado Avalanche,2026-10-08 23:49 (PDT)
Brent Burns,D,Colorado Avalanche,2026-10-08 23:49 (PDT)
T.J. Hughes,PP1,Colorado Avalanche,2026-10-08 23:49 (PDT)
Nazem Kadri,PP1,Colorado Avalanche,2026-10-08 23:49 (PDT)
Nathan MacKinnon,PP1,Colorado Avalanche,2026-10-08 23:49 (PDT)
Martin Necas,PP1,Colorado Avalanche,2026-10-08 23:49 (PDT)
Cale Makar,PP1,Colorado Avalanche,2026-10-08 23:49 (PDT)
Jaden Schwartz,PP2,Colorado Avalanche,2026-10-08 23:49 (PDT)
Gabriel Landeskog,PP2,Colorado Avalanche,2026-10-08 23:49 (PDT)
Artturi Lehkonen,PP2,Colorado Avalanche,2026-10-08 23:49 (PDT)
Devon Toews,PP2,Colorado Avalanche,2026-10-08 23:49 (PDT)
Brock Nelson,PP2,Colorado Avalanche,2026-10-08 23:49 (PDT)
Parker Kelly,PK1,Colorado Avalanche,2026-10-08 23:49 (PDT)
Nicolas Roy,PK1,Colorado Avalanche,2026-10-08 23:49 (PDT)
Devon Toews,PK1,Colorado Avalanche,2026-10-08 23:49 (PDT)
Brent Burns,PK1,Colorado Avalanche,2026-10-08 23:49 (PDT)
Brock Nelson,PK2,Colorado Avalanche,2026-10-08 23:49 (PDT)
Artturi Lehkonen,PK2,Colorado Avalanche,2026-10-08 23:49 (PDT)
Josh Manson,PK2,Colorado Avalanche,2026-10-08 23:49 (PDT)
Cale Makar,PK2,Colorado Avalanche,2026-10-08 23:49 (PDT)
Scott Wedgewood,G,Colorado Avalanche,2026-10-08 23:49 (PDT)
Mackenzie Blackwood,G,Colorado Avalanche,2026-10-08 23:49 (PDT)
Logan O'Connor,INJ,Colorado Avalanche,2026-10-08 23:49 (PDT)
Matthew Knies,F,Columbus Blue Jackets,2026-10-08 23:49 (PDT)
Adam Fantilli,F,Columbus Blue Jackets,2026-10-08 23:49 (PDT)
Kent Johnson,F,Columbus Blue Jackets,2026-10-08 23:49 (PDT)
Valeri Nichushkin,F,Columbus Blue Jackets,2026-10-08 23:49 (PDT)
Sean Monahan,F,Columbus Blue Jackets,2026-10-08 23:49 (PDT)
Dmitri Voronkov,F,Columbus Blue Jackets,2026-10-08 23:49 (PDT)
Cole Sillinger,F,Columbus Blue Jackets,2026-10-08 23:49 (PDT)
Charlie Coyle,F,Columbus Blue Jackets,2026-10-08 23:49 (PDT)
Mathieu Olivier,F,Columbus Blue Jackets,2026-10-08 23:49 (PDT)
Ryan Lomberg,F,Columbus Blue Jackets,2026-10-08 23:49 (PDT)
Danton Heinen,F,Columbus Blue Jackets,2026-10-08 23:49 (PDT)
Conor Garland,F,Columbus Blue Jackets,2026-10-08 23:49 (PDT)
Zach Werenski,D,Columbus Blue Jackets,2026-10-08 23:49 (PDT)
Damon Severson,D,Columbus Blue Jackets,2026-10-08 23:49 (PDT)
Carson Soucy,D,Columbus Blue Jackets,2026-10-08 23:49 (PDT)
Denton Mateychuk,D,Columbus Blue Jackets,2026-10-08 23:49 (PDT)
Emil Andrae,D,Columbus Blue Jackets,2026-10-08 23:49 (PDT)
Erik Gudbranson,D,Columbus Blue Jackets,2026-10-08 23:49 (PDT)
Matthew Knies,PP1,Columbus Blue Jackets,2026-10-08 23:49 (PDT)
Charlie Coyle,PP1,Columbus Blue Jackets,2026-10-08 23:49 (PDT)
Adam Fantilli,PP1,Columbus Blue Jackets,2026-10-08 23:49 (PDT)
Kent Johnson,PP1,Columbus Blue Jackets,2026-10-08 23:49 (PDT)
Zach Werenski,PP1,Columbus Blue Jackets,2026-10-08 23:49 (PDT)
Conor Garland,PP2,Columbus Blue Jackets,2026-10-08 23:49 (PDT)
Dmitri Voronkov,PP2,Columbus Blue Jackets,2026-10-08 23:49 (PDT)
Valeri Nichushkin,PP2,Columbus Blue Jackets,2026-10-08 23:49 (PDT)
Denton Mateychuk,PP2,Columbus Blue Jackets,2026-10-08 23:49 (PDT)
Sean Monahan,PP2,Columbus Blue Jackets,2026-10-08 23:49 (PDT)
Charlie Coyle,PK1,Columbus Blue Jackets,2026-10-08 23:49 (PDT)
Sean Monahan,PK1,Columbus Blue Jackets,2026-10-08 23:49 (PDT)
Zach Werenski,PK1,Columbus Blue Jackets,2026-10-08 23:49 (PDT)
Damon Severson,PK1,Columbus Blue Jackets,2026-10-08 23:49 (PDT)
Cole Sillinger,PK2,Columbus Blue Jackets,2026-10-08 23:49 (PDT)
Valeri Nichushkin,PK2,Columbus Blue Jackets,2026-10-08 23:49 (PDT)
Erik Gudbranson,PK2,Columbus Blue Jackets,2026-10-08 23:49 (PDT)
Denton Mateychuk,PK2,Columbus Blue Jackets,2026-10-08 23:49 (PDT)
Jet Greaves,G,Columbus Blue Jackets,2026-10-08 23:49 (PDT)
Cam Talbot,G,Columbus Blue Jackets,2026-10-08 23:49 (PDT)
Damon Severson,INJ,Columbus Blue Jackets,2026-10-08 23:49 (PDT)
Isac Lundestrom,INJ,Columbus Blue Jackets,2026-10-08 23:49 (PDT)
Ivan Provorov,INJ,Columbus Blue Jackets,2026-10-08 23:49 (PDT)
Dante Fabbro,INJ,Columbus Blue Jackets,2026-10-08 23:49 (PDT)
Sam Steel,F,Dallas Stars,2026-10-08 23:49 (PDT)
Wyatt Johnston,F,Dallas Stars,2026-10-08 23:49 (PDT)
Mikko Rantanen,F,Dallas Stars,2026-10-08 23:49 (PDT)
Jason Robertson,F,Dallas Stars,2026-10-08 23:49 (PDT)
Roope Hintz,F,Dallas Stars,2026-10-08 23:49 (PDT)
Jamie Benn,F,Dallas Stars,2026-10-08 23:49 (PDT)
Justin Hryckowian,F,Dallas Stars,2026-10-08 23:49 (PDT)
Arttu Hyry,F,Dallas Stars,2026-10-08 23:49 (PDT)
Tyler Seguin,F,Dallas Stars,2026-10-08 23:49 (PDT)
Oskar Back,F,Dallas Stars,2026-10-08 23:49 (PDT)
Radek Faksa,F,Dallas Stars,2026-10-08 23:49 (PDT)
Colin Blackwell,F,Dallas Stars,2026-10-08 23:49 (PDT)
Esa Lindell,D,Dallas Stars,2026-10-08 23:49 (PDT)
Miro Heiskanen,D,Dallas Stars,2026-10-08 23:49 (PDT)
Thomas Harley,D,Dallas Stars,2026-10-08 23:49 (PDT)
Nils Lundkvist,D,Dallas Stars,2026-10-08 23:49 (PDT)
Lian Bichsel,D,Dallas Stars,2026-10-08 23:49 (PDT)
Tyler Myers,D,Dallas Stars,2026-10-08 23:49 (PDT)
Wyatt Johnston,PP1,Dallas Stars,2026-10-08 23:49 (PDT)
Roope Hintz,PP1,Dallas Stars,2026-10-08 23:49 (PDT)
Mikko Rantanen,PP1,Dallas Stars,2026-10-08 23:49 (PDT)
Miro Heiskanen,PP1,Dallas Stars,2026-10-08 23:49 (PDT)
Jason Robertson,PP1,Dallas Stars,2026-10-08 23:49 (PDT)
Jamie Benn,PP2,Dallas Stars,2026-10-08 23:49 (PDT)
Justin Hryckowian,PP2,Dallas Stars,2026-10-08 23:49 (PDT)
Tyler Seguin,PP2,Dallas Stars,2026-10-08 23:49 (PDT)
Esa Lindell,PP2,Dallas Stars,2026-10-08 23:49 (PDT)
Thomas Harley,PP2,Dallas Stars,2026-10-08 23:49 (PDT)
Radek Faksa,PK1,Dallas Stars,2026-10-08 23:49 (PDT)
Oskar Back,PK1,Dallas Stars,2026-10-08 23:49 (PDT)
Thomas Harley,PK1,Dallas Stars,2026-10-08 23:49 (PDT)
Miro Heiskanen,PK1,Dallas Stars,2026-10-08 23:49 (PDT)
Arttu Hyry,PK2,Dallas Stars,2026-10-08 23:49 (PDT)
Sam Steel,PK2,Dallas Stars,2026-10-08 23:49 (PDT)
Esa Lindell,PK2,Dallas Stars,2026-10-08 23:49 (PDT)
Tyler Myers,PK2,Dallas Stars,2026-10-08 23:49 (PDT)
Jake Oettinger,G,Dallas Stars,2026-10-08 23:49 (PDT)
Casey DeSmith,G,Dallas Stars,2026-10-08 23:49 (PDT)
Matt Duchene,INJ,Dallas Stars,2026-10-08 23:49 (PDT)
Viktor Arvidsson,F,Detroit Red Wings,2026-10-08 23:49 (PDT)
Dylan Larkin,F,Detroit Red Wings,2026-10-08 23:49 (PDT)
Lucas Raymond,F,Detroit Red Wings,2026-10-08 23:49 (PDT)
Alex DeBrincat,F,Detroit Red Wings,2026-10-08 23:49 (PDT)
Emmitt Finnie,F,Detroit Red Wings,2026-10-08 23:49 (PDT)
Michael Brandsegg-Nygård,F,Detroit Red Wings,2026-10-08 23:49 (PDT)
Michael Rasmussen,F,Detroit Red Wings,2026-10-08 23:49 (PDT)
Andrew Copp,F,Detroit Red Wings,2026-10-08 23:49 (PDT)
Keegan Kolesar,F,Detroit Red Wings,2026-10-08 23:49 (PDT)
Nate Danielson,F,Detroit Red Wings,2026-10-08 23:49 (PDT)
Carter Mazur,F,Detroit Red Wings,2026-10-08 23:49 (PDT)
Albert Johansson,D,Detroit Red Wings,2026-10-08 23:49 (PDT)
Moritz Seider,D,Detroit Red Wings,2026-10-08 23:49 (PDT)
Ben Chiarot,D,Detroit Red Wings,2026-10-08 23:49 (PDT)
Anton Johansson,D,Detroit Red Wings,2026-10-08 23:49 (PDT)
William Wallinder,D,Detroit Red Wings,2026-10-08 23:49 (PDT)
Justin Faulk,D,Detroit Red Wings,2026-10-08 23:49 (PDT)
Axel Sandin-Pellikka,D,Detroit Red Wings,2026-10-08 23:49 (PDT)
Viktor Arvidsson,PP1,Detroit Red Wings,2026-10-08 23:49 (PDT)
Dylan Larkin,PP1,Detroit Red Wings,2026-10-08 23:49 (PDT)
Lucas Raymond,PP1,Detroit Red Wings,2026-10-08 23:49 (PDT)
Alex DeBrincat,PP1,Detroit Red Wings,2026-10-08 23:49 (PDT)
Moritz Seider,PP1,Detroit Red Wings,2026-10-08 23:49 (PDT)
Michael Rasmussen,PP2,Detroit Red Wings,2026-10-08 23:49 (PDT)
Andrew Copp,PP2,Detroit Red Wings,2026-10-08 23:49 (PDT)
Emmitt Finnie,PP2,Detroit Red Wings,2026-10-08 23:49 (PDT)
Axel Sandin-Pellikka,PP2,Detroit Red Wings,2026-10-08 23:49 (PDT)
Justin Faulk,PP2,Detroit Red Wings,2026-10-08 23:49 (PDT)
Andrew Copp,PK1,Detroit Red Wings,2026-10-08 23:49 (PDT)
Michael Rasmussen,PK1,Detroit Red Wings,2026-10-08 23:49 (PDT)
Albert Johansson,PK1,Detroit Red Wings,2026-10-08 23:49 (PDT)
Moritz Seider,PK1,Detroit Red Wings,2026-10-08 23:49 (PDT)
Emmitt Finnie,PK2,Detroit Red Wings,2026-10-08 23:49 (PDT)
Keegan Kolesar,PK2,Detroit Red Wings,2026-10-08 23:49 (PDT)
Ben Chiarot,PK2,Detroit Red Wings,2026-10-08 23:49 (PDT)
Axel Sandin-Pellikka,PK2,Detroit Red Wings,2026-10-08 23:49 (PDT)
John Gibson,G,Detroit Red Wings,2026-10-08 23:49 (PDT)
Daniil Tarasov,G,Detroit Red Wings,2026-10-08 23:49 (PDT)
J.T. Compher,INJ,Detroit Red Wings,2026-10-08 23:49 (PDT)
Marco Kasper,INJ,Detroit Red Wings,2026-10-08 23:49 (PDT)
Mason Appleton,INJ,Detroit Red Wings,2026-10-08 23:49 (PDT)
Vasily Podkolzin,F,Edmonton Oilers,2026-10-08 23:49 (PDT)
Connor McDavid,F,Edmonton Oilers,2026-10-08 23:49 (PDT)
Leon Draisaitl,F,Edmonton Oilers,2026-10-08 23:49 (PDT)
Trent Frederic,F,Edmonton Oilers,2026-10-08 23:49 (PDT)
Jason Dickinson,F,Edmonton Oilers,2026-10-08 23:49 (PDT)
Kasperi Kapanen,F,Edmonton Oilers,2026-10-08 23:49 (PDT)
Alex Formenton,F,Edmonton Oilers,2026-10-08 23:49 (PDT)
Owen Michaels,F,Edmonton Oilers,2026-10-08 23:49 (PDT)
Mathieu Joseph,F,Edmonton Oilers,2026-10-08 23:49 (PDT)
Isaac Howard,F,Edmonton Oilers,2026-10-08 23:49 (PDT)
Josh Samanski,F,Edmonton Oilers,2026-10-08 23:49 (PDT)
Max Jones,F,Edmonton Oilers,2026-10-08 23:49 (PDT)
Mattias Ekholm,D,Edmonton Oilers,2026-10-08 23:49 (PDT)
Evan Bouchard,D,Edmonton Oilers,2026-10-08 23:49 (PDT)
Ryan Shea,D,Edmonton Oilers,2026-10-08 23:49 (PDT)
Connor Murphy,D,Edmonton Oilers,2026-10-08 23:49 (PDT)
Jake Walman,D,Edmonton Oilers,2026-10-08 23:49 (PDT)
Ty Emberson,D,Edmonton Oilers,2026-10-08 23:49 (PDT)
Vasily Podkolzin,PP1,Edmonton Oilers,2026-10-08 23:49 (PDT)
Kasperi Kapanen,PP1,Edmonton Oilers,2026-10-08 23:49 (PDT)
Leon Draisaitl,PP1,Edmonton Oilers,2026-10-08 23:49 (PDT)
Evan Bouchard,PP1,Edmonton Oilers,2026-10-08 23:49 (PDT)
Connor McDavid,PP1,Edmonton Oilers,2026-10-08 23:49 (PDT)
Trent Frederic,PP2,Edmonton Oilers,2026-10-08 23:49 (PDT)
Josh Samanski,PP2,Edmonton Oilers,2026-10-08 23:49 (PDT)
Isaac Howard,PP2,Edmonton Oilers,2026-10-08 23:49 (PDT)
Ryan Shea,PP2,Edmonton Oilers,2026-10-08 23:49 (PDT)
Jake Walman,PP2,Edmonton Oilers,2026-10-08 23:49 (PDT)
Jason Dickinson,PK1,Edmonton Oilers,2026-10-08 23:49 (PDT)
Alex Formenton,PK1,Edmonton Oilers,2026-10-08 23:49 (PDT)
Mattias Ekholm,PK1,Edmonton Oilers,2026-10-08 23:49 (PDT)
Connor Murphy,PK1,Edmonton Oilers,2026-10-08 23:49 (PDT)
Owen Michaels,PK2,Edmonton Oilers,2026-10-08 23:49 (PDT)
Kasperi Kapanen,PK2,Edmonton Oilers,2026-10-08 23:49 (PDT)
Ryan Shea,PK2,Edmonton Oilers,2026-10-08 23:49 (PDT)
Evan Bouchard,PK2,Edmonton Oilers,2026-10-08 23:49 (PDT)
Devon Levi,G,Edmonton Oilers,2026-10-08 23:49 (PDT)
Tristan Jarry,G,Edmonton Oilers,2026-10-08 23:49 (PDT)
Alec Regula,INJ,Edmonton Oilers,2026-10-08 23:49 (PDT)
Frederik Andersen,INJ,Edmonton Oilers,2026-10-08 23:49 (PDT)
Mattias Janmark,INJ,Edmonton Oilers,2026-10-08 23:49 (PDT)
Matthew Savoie,INJ,Edmonton Oilers,2026-10-08 23:49 (PDT)
Colton Dach,INJ,Edmonton Oilers,2026-10-08 23:49 (PDT)
Ryan Nugent-Hopkins,INJ,Edmonton Oilers,2026-10-08 23:49 (PDT)
Zach Hyman,INJ,Edmonton Oilers,2026-10-08 23:49 (PDT)
Carter Verhaeghe,F,Florida Panthers,2026-10-08 23:50 (PDT)
Sam Bennett,F,Florida Panthers,2026-10-08 23:50 (PDT)
Matthew Tkachuk,F,Florida Panthers,2026-10-08 23:50 (PDT)
Brady Tkachuk,F,Florida Panthers,2026-10-08 23:50 (PDT)
Sam Reinhart,F,Florida Panthers,2026-10-08 23:50 (PDT)
Brad Marchand,F,Florida Panthers,2026-10-08 23:50 (PDT)
Eetu Luostarinen,F,Florida Panthers,2026-10-08 23:50 (PDT)
Anton Lundell,F,Florida Panthers,2026-10-08 23:50 (PDT)
Sandis Vilmanis,F,Florida Panthers,2026-10-08 23:50 (PDT)
Bokondji Imama,F,Florida Panthers,2026-10-08 23:50 (PDT)
Lars Eller,F,Florida Panthers,2026-10-08 23:50 (PDT)
Garnet Hathaway,F,Florida Panthers,2026-10-08 23:50 (PDT)
Gustav Forsling,D,Florida Panthers,2026-10-08 23:50 (PDT)
Dmitry Kulikov,D,Florida Panthers,2026-10-08 23:50 (PDT)
Niko Mikkola,D,Florida Panthers,2026-10-08 23:50 (PDT)
Seth Jones,D,Florida Panthers,2026-10-08 23:50 (PDT)
Uvis Balinskis,D,Florida Panthers,2026-10-08 23:50 (PDT)
Radko Gudas,D,Florida Panthers,2026-10-08 23:50 (PDT)
Brady Tkachuk,PP1,Florida Panthers,2026-10-08 23:50 (PDT)
Sam Bennett,PP1,Florida Panthers,2026-10-08 23:50 (PDT)
Sam Reinhart,PP1,Florida Panthers,2026-10-08 23:50 (PDT)
Seth Jones,PP1,Florida Panthers,2026-10-08 23:50 (PDT)
Matthew Tkachuk,PP1,Florida Panthers,2026-10-08 23:50 (PDT)
Brad Marchand,PP2,Florida Panthers,2026-10-08 23:50 (PDT)
Anton Lundell,PP2,Florida Panthers,2026-10-08 23:50 (PDT)
Carter Verhaeghe,PP2,Florida Panthers,2026-10-08 23:50 (PDT)
Uvis Balinskis,PP2,Florida Panthers,2026-10-08 23:50 (PDT)
Eetu Luostarinen,PP2,Florida Panthers,2026-10-08 23:50 (PDT)
Lars Eller,PK1,Florida Panthers,2026-10-08 23:50 (PDT)
Sam Reinhart,PK1,Florida Panthers,2026-10-08 23:50 (PDT)
Gustav Forsling,PK1,Florida Panthers,2026-10-08 23:50 (PDT)
Dmitry Kulikov,PK1,Florida Panthers,2026-10-08 23:50 (PDT)
Anton Lundell,PK2,Florida Panthers,2026-10-08 23:50 (PDT)
Eetu Luostarinen,PK2,Florida Panthers,2026-10-08 23:50 (PDT)
Niko Mikkola,PK2,Florida Panthers,2026-10-08 23:50 (PDT)
Radko Gudas,PK2,Florida Panthers,2026-10-08 23:50 (PDT)
Jacob Markstrom,G,Florida Panthers,2026-10-08 23:50 (PDT)
Akira Schmid,G,Florida Panthers,2026-10-08 23:50 (PDT)
Aleksander Barkov,INJ,Florida Panthers,2026-10-08 23:50 (PDT)
Jonah Gadjovich,INJ,Florida Panthers,2026-10-08 23:50 (PDT)
Aaron Ekblad,INJ,Florida Panthers,2026-10-08 23:50 (PDT)
Brad Marchand,INJ,Florida Panthers,2026-10-08 23:50 (PDT)
Artemi Panarin,F,Los Angeles Kings,2026-10-08 23:50 (PDT)
Quinton Byfield,F,Los Angeles Kings,2026-10-08 23:50 (PDT)
Adrian Kempe,F,Los Angeles Kings,2026-10-08 23:50 (PDT)
Alex Laferriere,F,Los Angeles Kings,2026-10-08 23:50 (PDT)
Alex Turcotte,F,Los Angeles Kings,2026-10-08 23:50 (PDT)
Mats Zuccarello,F,Los Angeles Kings,2026-10-08 23:50 (PDT)
Trevor Moore,F,Los Angeles Kings,2026-10-08 23:50 (PDT)
Erik Haula,F,Los Angeles Kings,2026-10-08 23:50 (PDT)
Joel Armia,F,Los Angeles Kings,2026-10-08 23:50 (PDT)
Scott Laughton,F,Los Angeles Kings,2026-10-08 23:50 (PDT)
Corey Perry,F,Los Angeles Kings,2026-10-08 23:50 (PDT)
Brian Dumoulin,D,Los Angeles Kings,2026-10-08 23:50 (PDT)
Drew Doughty,D,Los Angeles Kings,2026-10-08 23:50 (PDT)
Joel Edmundson,D,Los Angeles Kings,2026-10-08 23:50 (PDT)
Brandt Clarke,D,Los Angeles Kings,2026-10-08 23:50 (PDT)
Mikey Anderson,D,Los Angeles Kings,2026-10-08 23:50 (PDT)
Cody Ceci,D,Los Angeles Kings,2026-10-08 23:50 (PDT)
Erik Gustafsson,D,Los Angeles Kings,2026-10-08 23:50 (PDT)
Mats Zuccarello,PP1,Los Angeles Kings,2026-10-08 23:50 (PDT)
Quinton Byfield,PP1,Los Angeles Kings,2026-10-08 23:50 (PDT)
Adrian Kempe,PP1,Los Angeles Kings,2026-10-08 23:50 (PDT)
Artemi Panarin,PP1,Los Angeles Kings,2026-10-08 23:50 (PDT)
Brandt Clarke,PP1,Los Angeles Kings,2026-10-08 23:50 (PDT)
Alex Turcotte,PP2,Los Angeles Kings,2026-10-08 23:50 (PDT)
Erik Haula,PP2,Los Angeles Kings,2026-10-08 23:50 (PDT)
Alex Laferriere,PP2,Los Angeles Kings,2026-10-08 23:50 (PDT)
Erik Gustafsson,PP2,Los Angeles Kings,2026-10-08 23:50 (PDT)
Drew Doughty,PP2,Los Angeles Kings,2026-10-08 23:50 (PDT)
Erik Haula,PK1,Los Angeles Kings,2026-10-08 23:50 (PDT)
Joel Armia,PK1,Los Angeles Kings,2026-10-08 23:50 (PDT)
Mikey Anderson,PK1,Los Angeles Kings,2026-10-08 23:50 (PDT)
Drew Doughty,PK1,Los Angeles Kings,2026-10-08 23:50 (PDT)
Scott Laughton,PK2,Los Angeles Kings,2026-10-08 23:50 (PDT)
Trevor Moore,PK2,Los Angeles Kings,2026-10-08 23:50 (PDT)
Joel Edmundson,PK2,Los Angeles Kings,2026-10-08 23:50 (PDT)
Cody Ceci,PK2,Los Angeles Kings,2026-10-08 23:50 (PDT)
Darcy Kuemper,G,Los Angeles Kings,2026-10-08 23:50 (PDT)
Anton Forsberg,G,Los Angeles Kings,2026-10-08 23:50 (PDT)
Kevin Fiala,INJ,Los Angeles Kings,2026-10-08 23:50 (PDT)
Blake Coleman,F,Minnesota Wild,2026-10-08 23:50 (PDT)
Joel Eriksson Ek,F,Minnesota Wild,2026-10-08 23:50 (PDT)
Matt Boldy,F,Minnesota Wild,2026-10-08 23:50 (PDT)
Kirill Kaprizov,F,Minnesota Wild,2026-10-08 23:50 (PDT)
Danila Yurov,F,Minnesota Wild,2026-10-08 23:50 (PDT)
Maxim Shabanov,F,Minnesota Wild,2026-10-08 23:50 (PDT)
Marcus Foligno,F,Minnesota Wild,2026-10-08 23:50 (PDT)
Ryan Hartman,F,Minnesota Wild,2026-10-08 23:50 (PDT)
Bobby Brink,F,Minnesota Wild,2026-10-08 23:50 (PDT)
Yakov Trenin,F,Minnesota Wild,2026-10-08 23:50 (PDT)
Michael McCarron,F,Minnesota Wild,2026-10-08 23:50 (PDT)
Nico Sturm,F,Minnesota Wild,2026-10-08 23:50 (PDT)
Quinn Hughes,D,Minnesota Wild,2026-10-08 23:50 (PDT)
Jared Spurgeon,D,Minnesota Wild,2026-10-08 23:50 (PDT)
Olli Maatta,D,Minnesota Wild,2026-10-08 23:50 (PDT)
Jonas Brodin,D,Minnesota Wild,2026-10-08 23:50 (PDT)
Daemon Hunt,D,Minnesota Wild,2026-10-08 23:50 (PDT)
Zach Bogosian,D,Minnesota Wild,2026-10-08 23:50 (PDT)
Maxim Shabanov,PP1,Minnesota Wild,2026-10-08 23:50 (PDT)
Joel Eriksson Ek,PP1,Minnesota Wild,2026-10-08 23:50 (PDT)
Kirill Kaprizov,PP1,Minnesota Wild,2026-10-08 23:50 (PDT)
Quinn Hughes,PP1,Minnesota Wild,2026-10-08 23:50 (PDT)
Matt Boldy,PP1,Minnesota Wild,2026-10-08 23:50 (PDT)
Blake Coleman,PP2,Minnesota Wild,2026-10-08 23:50 (PDT)
Danila Yurov,PP2,Minnesota Wild,2026-10-08 23:50 (PDT)
Ryan Hartman,PP2,Minnesota Wild,2026-10-08 23:50 (PDT)
Jared Spurgeon,PP2,Minnesota Wild,2026-10-08 23:50 (PDT)
Bobby Brink,PP2,Minnesota Wild,2026-10-08 23:50 (PDT)
Michael McCarron,PK1,Minnesota Wild,2026-10-08 23:50 (PDT)
Blake Coleman,PK1,Minnesota Wild,2026-10-08 23:50 (PDT)
Jonas Brodin,PK1,Minnesota Wild,2026-10-08 23:50 (PDT)
Jared Spurgeon,PK1,Minnesota Wild,2026-10-08 23:50 (PDT)
Joel Eriksson Ek,PK2,Minnesota Wild,2026-10-08 23:50 (PDT)
Matt Boldy,PK2,Minnesota Wild,2026-10-08 23:50 (PDT)
Olli Maatta,PK2,Minnesota Wild,2026-10-08 23:50 (PDT)
Zach Bogosian,PK2,Minnesota Wild,2026-10-08 23:50 (PDT)
Jesper Wallstedt,G,Minnesota Wild,2026-10-08 23:50 (PDT)
Calvin Pickard,G,Minnesota Wild,2026-10-08 23:50 (PDT)
Brock Faber,INJ,Minnesota Wild,2026-10-08 23:50 (PDT)
Filip Gustavsson,INJ,Minnesota Wild,2026-10-08 23:50 (PDT)
Nick Foligno,INJ,Minnesota Wild,2026-10-08 23:50 (PDT)
Cole Caufield,F,Montréal Canadiens,2026-10-08 23:50 (PDT)
Nick Suzuki,F,Montréal Canadiens,2026-10-08 23:50 (PDT)
Juraj Slafkovsky,F,Montréal Canadiens,2026-10-08 23:50 (PDT)
Chris Kreider,F,Montréal Canadiens,2026-10-08 23:50 (PDT)
Alex Newhook,F,Montréal Canadiens,2026-10-08 23:50 (PDT)
Josh Anderson,F,Montréal Canadiens,2026-10-08 23:50 (PDT)
Zack Bolduc,F,Montréal Canadiens,2026-10-08 23:50 (PDT)
Phillip Danault,F,Montréal Canadiens,2026-10-08 23:50 (PDT)
Alexandre Texier,F,Montréal Canadiens,2026-10-08 23:50 (PDT)
Florian Xhekaj,F,Montréal Canadiens,2026-10-08 23:50 (PDT)
Jake Evans,F,Montréal Canadiens,2026-10-08 23:50 (PDT)
Kirby Dach,F,Montréal Canadiens,2026-10-08 23:50 (PDT)
Lane Hutson,D,Montréal Canadiens,2026-10-08 23:50 (PDT)
Noah Dobson,D,Montréal Canadiens,2026-10-08 23:50 (PDT)
Mike Matheson,D,Montréal Canadiens,2026-10-08 23:50 (PDT)
Alexandre Carrier,D,Montréal Canadiens,2026-10-08 23:50 (PDT)
Arber Xhekaj,D,Montréal Canadiens,2026-10-08 23:50 (PDT)
Adam Engstrom,D,Montréal Canadiens,2026-10-08 23:50 (PDT)
Chris Kreider,PP1,Montréal Canadiens,2026-10-08 23:50 (PDT)
Nick Suzuki,PP1,Montréal Canadiens,2026-10-08 23:50 (PDT)
Juraj Slafkovsky,PP1,Montréal Canadiens,2026-10-08 23:50 (PDT)
Cole Caufield,PP1,Montréal Canadiens,2026-10-08 23:50 (PDT)
Lane Hutson,PP1,Montréal Canadiens,2026-10-08 23:50 (PDT)
Kirby Dach,PP2,Montréal Canadiens,2026-10-08 23:50 (PDT)
Alex Newhook,PP2,Montréal Canadiens,2026-10-08 23:50 (PDT)
Alexandre Texier,PP2,Montréal Canadiens,2026-10-08 23:50 (PDT)
Noah Dobson,PP2,Montréal Canadiens,2026-10-08 23:50 (PDT)
Zack Bolduc,PP2,Montréal Canadiens,2026-10-08 23:50 (PDT)
Phillip Danault,PK1,Montréal Canadiens,2026-10-08 23:50 (PDT)
Josh Anderson,PK1,Montréal Canadiens,2026-10-08 23:50 (PDT)
Mike Matheson,PK1,Montréal Canadiens,2026-10-08 23:50 (PDT)
Alexandre Carrier,PK1,Montréal Canadiens,2026-10-08 23:50 (PDT)
Jake Evans,PK2,Montréal Canadiens,2026-10-08 23:50 (PDT)
Alex Newhook,PK2,Montréal Canadiens,2026-10-08 23:50 (PDT)
Lane Hutson,PK2,Montréal Canadiens,2026-10-08 23:50 (PDT)
Noah Dobson,PK2,Montréal Canadiens,2026-10-08 23:50 (PDT)
Jacob Fowler,G,Montréal Canadiens,2026-10-08 23:50 (PDT)
Jakub Dobes,G,Montréal Canadiens,2026-10-08 23:50 (PDT)
Kaiden Guhle,INJ,Montréal Canadiens,2026-10-08 23:50 (PDT)
Oliver Kapanen,INJ,Montréal Canadiens,2026-10-08 23:50 (PDT)
Ivan Demidov,INJ,Montréal Canadiens,2026-10-08 23:50 (PDT)
Sam Montembeault,INJ,Montréal Canadiens,2026-10-08 23:50 (PDT)
Steven Stamkos,F,Nashville Predators,2026-10-08 23:50 (PDT)
Ryan O'Reilly,F,Nashville Predators,2026-10-08 23:50 (PDT)
Alex Kerfoot,F,Nashville Predators,2026-10-08 23:50 (PDT)
Filip Forsberg,F,Nashville Predators,2026-10-08 23:50 (PDT)
Matthew Wood,F,Nashville Predators,2026-10-08 23:50 (PDT)
Nils Hoglander,F,Nashville Predators,2026-10-08 23:50 (PDT)
Reid Schaefer,F,Nashville Predators,2026-10-08 23:50 (PDT)
Mavrik Bourque,F,Nashville Predators,2026-10-08 23:50 (PDT)
Jonathan Marchessault,F,Nashville Predators,2026-10-08 23:50 (PDT)
Ross Colton,F,Nashville Predators,2026-10-08 23:50 (PDT)
Jack Drury,F,Nashville Predators,2026-10-08 23:50 (PDT)
Adam Edstrom,F,Nashville Predators,2026-10-08 23:50 (PDT)
Nicolas Hague,D,Nashville Predators,2026-10-08 23:50 (PDT)
Roman Josi,D,Nashville Predators,2026-10-08 23:50 (PDT)
Brady Skjei,D,Nashville Predators,2026-10-08 23:50 (PDT)
Nick Perbix,D,Nashville Predators,2026-10-08 23:50 (PDT)
William Trudeau,D,Nashville Predators,2026-10-08 23:50 (PDT)
Adam Wilsby,D,Nashville Predators,2026-10-08 23:50 (PDT)
Steven Stamkos,PP1,Nashville Predators,2026-10-08 23:50 (PDT)
Ryan O'Reilly,PP1,Nashville Predators,2026-10-08 23:50 (PDT)
Matthew Wood,PP1,Nashville Predators,2026-10-08 23:50 (PDT)
Filip Forsberg,PP1,Nashville Predators,2026-10-08 23:50 (PDT)
Roman Josi,PP1,Nashville Predators,2026-10-08 23:50 (PDT)
Nils Hoglander,PP2,Nashville Predators,2026-10-08 23:50 (PDT)
Alex Kerfoot,PP2,Nashville Predators,2026-10-08 23:50 (PDT)
Mavrik Bourque,PP2,Nashville Predators,2026-10-08 23:50 (PDT)
Brady Skjei,PP2,Nashville Predators,2026-10-08 23:50 (PDT)
Jonathan Marchessault,PP2,Nashville Predators,2026-10-08 23:50 (PDT)
Ryan O'Reilly,PK1,Nashville Predators,2026-10-08 23:50 (PDT)
Matthew Wood,PK1,Nashville Predators,2026-10-08 23:50 (PDT)
Brady Skjei,PK1,Nashville Predators,2026-10-08 23:50 (PDT)
Nick Perbix,PK1,Nashville Predators,2026-10-08 23:50 (PDT)
Jack Drury,PK2,Nashville Predators,2026-10-08 23:50 (PDT)
Adam Edstrom,PK2,Nashville Predators,2026-10-08 23:50 (PDT)
Roman Josi,PK2,Nashville Predators,2026-10-08 23:50 (PDT)
Adam Wilsby,PK2,Nashville Predators,2026-10-08 23:50 (PDT)
Juuse Saros,G,Nashville Predators,2026-10-08 23:50 (PDT)
Matthew Murray,G,Nashville Predators,2026-10-08 23:50 (PDT)
Justus Annunen,INJ,Nashville Predators,2026-10-08 23:50 (PDT)
Anthony Mantha,F,New Jersey Devils,2026-10-08 23:50 (PDT)
Jack Hughes,F,New Jersey Devils,2026-10-08 23:50 (PDT)
Jesper Bratt,F,New Jersey Devils,2026-10-08 23:50 (PDT)
Timo Meier,F,New Jersey Devils,2026-10-08 23:50 (PDT)
Nico Hischier,F,New Jersey Devils,2026-10-08 23:50 (PDT)
Luke Evangelista,F,New Jersey Devils,2026-10-08 23:50 (PDT)
Arseny Gritsyuk,F,New Jersey Devils,2026-10-08 23:50 (PDT)
Evan Rodrigues,F,New Jersey Devils,2026-10-08 23:50 (PDT)
Dawson Mercer,F,New Jersey Devils,2026-10-08 23:50 (PDT)
Amadeus Lombardi,F,New Jersey Devils,2026-10-08 23:50 (PDT)
Cody Glass,F,New Jersey Devils,2026-10-08 23:50 (PDT)
Jesper Boqvist,F,New Jersey Devils,2026-10-08 23:50 (PDT)
Luke Hughes,D,New Jersey Devils,2026-10-08 23:50 (PDT)
Brett Pesce,D,New Jersey Devils,2026-10-08 23:50 (PDT)
Jonas Siegenthaler,D,New Jersey Devils,2026-10-08 23:50 (PDT)
Dougie Hamilton,D,New Jersey Devils,2026-10-08 23:50 (PDT)
Brenden Dillon,D,New Jersey Devils,2026-10-08 23:50 (PDT)
Declan Chisholm,D,New Jersey Devils,2026-10-08 23:50 (PDT)
Jesper Bratt,PP1,New Jersey Devils,2026-10-08 23:50 (PDT)
Nico Hischier,PP1,New Jersey Devils,2026-10-08 23:50 (PDT)
Luke Evangelista,PP1,New Jersey Devils,2026-10-08 23:50 (PDT)
Jack Hughes,PP1,New Jersey Devils,2026-10-08 23:50 (PDT)
Luke Hughes,PP1,New Jersey Devils,2026-10-08 23:50 (PDT)
Timo Meier,PP2,New Jersey Devils,2026-10-08 23:50 (PDT)
Evan Rodrigues,PP2,New Jersey Devils,2026-10-08 23:50 (PDT)
Anthony Mantha,PP2,New Jersey Devils,2026-10-08 23:50 (PDT)
Arseny Gritsyuk,PP2,New Jersey Devils,2026-10-08 23:50 (PDT)
Dougie Hamilton,PP2,New Jersey Devils,2026-10-08 23:50 (PDT)
Nico Hischier,PK1,New Jersey Devils,2026-10-08 23:50 (PDT)
Dawson Mercer,PK1,New Jersey Devils,2026-10-08 23:50 (PDT)
Brenden Dillon,PK1,New Jersey Devils,2026-10-08 23:50 (PDT)
Brett Pesce,PK1,New Jersey Devils,2026-10-08 23:50 (PDT)
Cody Glass,PK2,New Jersey Devils,2026-10-08 23:50 (PDT)
Jesper Bratt,PK2,New Jersey Devils,2026-10-08 23:50 (PDT)
Jonas Siegenthaler,PK2,New Jersey Devils,2026-10-08 23:50 (PDT)
Dougie Hamilton,PK2,New Jersey Devils,2026-10-08 23:50 (PDT)
Jake Allen,G,New Jersey Devils,2026-10-08 23:50 (PDT)
Nico Daws,G,New Jersey Devils,2026-10-08 23:50 (PDT)
Seamus Casey,INJ,New Jersey Devils,2026-10-08 23:50 (PDT)
Nick Bjugstad,INJ,New Jersey Devils,2026-10-08 23:50 (PDT)
Johnathan Kovacevic,INJ,New Jersey Devils,2026-10-08 23:50 (PDT)
Connor Brown,INJ,New Jersey Devils,2026-10-08 23:50 (PDT)
Jonas Siegenthaler,INJ,New Jersey Devils,2026-10-08 23:50 (PDT)
Emil Heineman,F,New York Islanders,2026-10-08 23:50 (PDT)
Bo Horvat,F,New York Islanders,2026-10-08 23:50 (PDT)
Kyle Palmieri,F,New York Islanders,2026-10-08 23:50 (PDT)
Brayden Schenn,F,New York Islanders,2026-10-08 23:50 (PDT)
Calum Ritchie,F,New York Islanders,2026-10-08 23:50 (PDT)
Victor Eklund,F,New York Islanders,2026-10-08 23:50 (PDT)
Simon Holmstrom,F,New York Islanders,2026-10-08 23:50 (PDT)
Jean-Gabriel Pageau,F,New York Islanders,2026-10-08 23:50 (PDT)
Anthony Duclair,F,New York Islanders,2026-10-08 23:50 (PDT)
Ondrej Palat,F,New York Islanders,2026-10-08 23:50 (PDT)
Casey Cizikas,F,New York Islanders,2026-10-08 23:50 (PDT)
Matias Maccelli,F,New York Islanders,2026-10-08 23:50 (PDT)
Logan Stanley,D,New York Islanders,2026-10-08 23:50 (PDT)
Matthew Schaefer,D,New York Islanders,2026-10-08 23:50 (PDT)
Adam Pelech,D,New York Islanders,2026-10-08 23:50 (PDT)
Ryan Pulock,D,New York Islanders,2026-10-08 23:50 (PDT)
Tony DeAngelo,D,New York Islanders,2026-10-08 23:50 (PDT)
Scott Mayfield,D,New York Islanders,2026-10-08 23:50 (PDT)
Kyle Palmieri,PP1,New York Islanders,2026-10-08 23:50 (PDT)
Bo Horvat,PP1,New York Islanders,2026-10-08 23:50 (PDT)
Brayden Schenn,PP1,New York Islanders,2026-10-08 23:50 (PDT)
Matias Maccelli,PP1,New York Islanders,2026-10-08 23:50 (PDT)
Matthew Schaefer,PP1,New York Islanders,2026-10-08 23:50 (PDT)
Victor Eklund,PP2,New York Islanders,2026-10-08 23:50 (PDT)
Anthony Duclair,PP2,New York Islanders,2026-10-08 23:50 (PDT)
Simon Holmstrom,PP2,New York Islanders,2026-10-08 23:50 (PDT)
Calum Ritchie,PP2,New York Islanders,2026-10-08 23:50 (PDT)
Tony DeAngelo,PP2,New York Islanders,2026-10-08 23:50 (PDT)
Casey Cizikas,PK1,New York Islanders,2026-10-08 23:50 (PDT)
Emil Heineman,PK1,New York Islanders,2026-10-08 23:50 (PDT)
Adam Pelech,PK1,New York Islanders,2026-10-08 23:50 (PDT)
Ryan Pulock,PK1,New York Islanders,2026-10-08 23:50 (PDT)
Jean-Gabriel Pageau,PK2,New York Islanders,2026-10-08 23:50 (PDT)
Simon Holmstrom,PK2,New York Islanders,2026-10-08 23:50 (PDT)
Logan Stanley,PK2,New York Islanders,2026-10-08 23:50 (PDT)
Scott Mayfield,PK2,New York Islanders,2026-10-08 23:50 (PDT)
Ilya Sorokin,G,New York Islanders,2026-10-08 23:50 (PDT)
Semyon Varlamov,G,New York Islanders,2026-10-08 23:50 (PDT)
Mathew Barzal,INJ,New York Islanders,2026-10-08 23:50 (PDT)
Alexander Romanov,INJ,New York Islanders,2026-10-08 23:50 (PDT)
Gabriel Perreault,F,New York Rangers,2026-10-08 23:50 (PDT)
Mika Zibanejad,F,New York Rangers,2026-10-08 23:50 (PDT)
Alexis Lafrenière,F,New York Rangers,2026-10-08 23:50 (PDT)
Tye Kartye,F,New York Rangers,2026-10-08 23:50 (PDT)
J.T. Miller,F,New York Rangers,2026-10-08 23:50 (PDT)
Pavel Dorofeyev,F,New York Rangers,2026-10-08 23:50 (PDT)
Will Cuylle,F,New York Rangers,2026-10-08 23:50 (PDT)
Noah Laba,F,New York Rangers,2026-10-08 23:50 (PDT)
Eeli Tolvanen,F,New York Rangers,2026-10-08 23:50 (PDT)
Oliver Bjorkstrand,F,New York Rangers,2026-10-08 23:50 (PDT)
Cole Beaudoin,F,New York Rangers,2026-10-08 23:50 (PDT)
Jaroslav Chmelar,F,New York Rangers,2026-10-08 23:50 (PDT)
Vladislav Gavrikov,D,New York Rangers,2026-10-08 23:50 (PDT)
Adam Fox,D,New York Rangers,2026-10-08 23:50 (PDT)
Marcus Pettersson,D,New York Rangers,2026-10-08 23:50 (PDT)
Sean Durzi,D,New York Rangers,2026-10-08 23:50 (PDT)
Alberts Smits,D,New York Rangers,2026-10-08 23:50 (PDT)
Braden Schneider,D,New York Rangers,2026-10-08 23:50 (PDT)
Alexis Lafrenière,PP1,New York Rangers,2026-10-08 23:50 (PDT)
J.T. Miller,PP1,New York Rangers,2026-10-08 23:50 (PDT)
Pavel Dorofeyev,PP1,New York Rangers,2026-10-08 23:50 (PDT)
Mika Zibanejad,PP1,New York Rangers,2026-10-08 23:50 (PDT)
Adam Fox,PP1,New York Rangers,2026-10-08 23:50 (PDT)
Oliver Bjorkstrand,PP2,New York Rangers,2026-10-08 23:50 (PDT)
Will Cuylle,PP2,New York Rangers,2026-10-08 23:50 (PDT)
Gabriel Perreault,PP2,New York Rangers,2026-10-08 23:50 (PDT)
Eeli Tolvanen,PP2,New York Rangers,2026-10-08 23:50 (PDT)
Sean Durzi,PP2,New York Rangers,2026-10-08 23:50 (PDT)
Mika Zibanejad,PK1,New York Rangers,2026-10-08 23:50 (PDT)
Will Cuylle,PK1,New York Rangers,2026-10-08 23:50 (PDT)
Marcus Pettersson,PK1,New York Rangers,2026-10-08 23:50 (PDT)
Adam Fox,PK1,New York Rangers,2026-10-08 23:50 (PDT)
J.T. Miller,PK2,New York Rangers,2026-10-08 23:50 (PDT)
Tye Kartye,PK2,New York Rangers,2026-10-08 23:50 (PDT)
Vladislav Gavrikov,PK2,New York Rangers,2026-10-08 23:50 (PDT)
Sean Durzi,PK2,New York Rangers,2026-10-08 23:50 (PDT)
Igor Shesterkin,G,New York Rangers,2026-10-08 23:50 (PDT)
Dylan Garand,G,New York Rangers,2026-10-08 23:50 (PDT)
Joonas Korpisalo,INJ,New York Rangers,2026-10-08 23:50 (PDT)
Joe Veleno,INJ,New York Rangers,2026-10-08 23:50 (PDT)
William Eklund,F,Ottawa Senators,2026-10-08 23:50 (PDT)
Tim Stützle,F,Ottawa Senators,2026-10-08 23:50 (PDT)
Drake Batherson,F,Ottawa Senators,2026-10-08 23:50 (PDT)
Ridly Greig,F,Ottawa Senators,2026-10-08 23:50 (PDT)
Dylan Cozens,F,Ottawa Senators,2026-10-08 23:50 (PDT)
Fabian Zetterlund,F,Ottawa Senators,2026-10-08 23:50 (PDT)
Michael Amadio,F,Ottawa Senators,2026-10-08 23:50 (PDT)
Shane Pinto,F,Ottawa Senators,2026-10-08 23:50 (PDT)
Claude Giroux,F,Ottawa Senators,2026-10-08 23:50 (PDT)
Warren Foegele,F,Ottawa Senators,2026-10-08 23:50 (PDT)
Stephen Halliday,F,Ottawa Senators,2026-10-08 23:50 (PDT)
Nick Cousins,F,Ottawa Senators,2026-10-08 23:50 (PDT)
Thomas Chabot,D,Ottawa Senators,2026-10-08 23:50 (PDT)
Jordan Spence,D,Ottawa Senators,2026-10-08 23:50 (PDT)
Tyler Kleven,D,Ottawa Senators,2026-10-08 23:50 (PDT)
Carter Yakemchuk,D,Ottawa Senators,2026-10-08 23:50 (PDT)
Nikolas Matinpalo,D,Ottawa Senators,2026-10-08 23:50 (PDT)
Hoyt Stanley,D,Ottawa Senators,2026-10-08 23:50 (PDT)
William Eklund,PP1,Ottawa Senators,2026-10-08 23:50 (PDT)
Tim Stützle,PP1,Ottawa Senators,2026-10-08 23:50 (PDT)
Dylan Cozens,PP1,Ottawa Senators,2026-10-08 23:50 (PDT)
Drake Batherson,PP1,Ottawa Senators,2026-10-08 23:50 (PDT)
Carter Yakemchuk,PP1,Ottawa Senators,2026-10-08 23:50 (PDT)
Stephen Halliday,PP2,Ottawa Senators,2026-10-08 23:50 (PDT)
Shane Pinto,PP2,Ottawa Senators,2026-10-08 23:50 (PDT)
Fabian Zetterlund,PP2,Ottawa Senators,2026-10-08 23:50 (PDT)
Thomas Chabot,PP2,Ottawa Senators,2026-10-08 23:50 (PDT)
Claude Giroux,PP2,Ottawa Senators,2026-10-08 23:50 (PDT)
Shane Pinto,PK1,Ottawa Senators,2026-10-08 23:50 (PDT)
Claude Giroux,PK1,Ottawa Senators,2026-10-08 23:50 (PDT)
Tyler Kleven,PK1,Ottawa Senators,2026-10-08 23:50 (PDT)
Jordan Spence,PK1,Ottawa Senators,2026-10-08 23:50 (PDT)
Tim Stützle,PK2,Ottawa Senators,2026-10-08 23:50 (PDT)
Michael Amadio,PK2,Ottawa Senators,2026-10-08 23:50 (PDT)
Thomas Chabot,PK2,Ottawa Senators,2026-10-08 23:50 (PDT)
Nikolas Matinpalo,PK2,Ottawa Senators,2026-10-08 23:50 (PDT)
Linus Ullmark,G,Ottawa Senators,2026-10-08 23:50 (PDT)
Samuel Ersson,G,Ottawa Senators,2026-10-08 23:50 (PDT)
Artem Zub,INJ,Ottawa Senators,2026-10-08 23:50 (PDT)
Andre Burakovsky,INJ,Ottawa Senators,2026-10-08 23:50 (PDT)
Kurtis MacDermid,INJ,Ottawa Senators,2026-10-08 23:50 (PDT)
Jake Sanderson,INJ,Ottawa Senators,2026-10-08 23:50 (PDT)
Travis Konecny,F,Philadelphia Flyers,2026-10-08 23:50 (PDT)
Sean Couturier,F,Philadelphia Flyers,2026-10-08 23:50 (PDT)
Porter Martone,F,Philadelphia Flyers,2026-10-08 23:50 (PDT)
Trevor Zegras,F,Philadelphia Flyers,2026-10-08 23:50 (PDT)
Christian Dvorak,F,Philadelphia Flyers,2026-10-08 23:50 (PDT)
Owen Tippett,F,Philadelphia Flyers,2026-10-08 23:50 (PDT)
Tyson Foerster,F,Philadelphia Flyers,2026-10-08 23:50 (PDT)
Denver Barkey,F,Philadelphia Flyers,2026-10-08 23:50 (PDT)
Matvei Michkov,F,Philadelphia Flyers,2026-10-08 23:50 (PDT)
Michael Bunting,F,Philadelphia Flyers,2026-10-08 23:50 (PDT)
Noah Cates,F,Philadelphia Flyers,2026-10-08 23:50 (PDT)
Noel Acciari,F,Philadelphia Flyers,2026-10-08 23:50 (PDT)
Travis Sanheim,D,Philadelphia Flyers,2026-10-08 23:50 (PDT)
Jamie Drysdale,D,Philadelphia Flyers,2026-10-08 23:50 (PDT)
Cam York,D,Philadelphia Flyers,2026-10-08 23:50 (PDT)
David Jiricek,D,Philadelphia Flyers,2026-10-08 23:50 (PDT)
Nick Seeler,D,Philadelphia Flyers,2026-10-08 23:50 (PDT)
Simon Benoit,D,Philadelphia Flyers,2026-10-08 23:50 (PDT)
Travis Konecny,PP1,Philadelphia Flyers,2026-10-08 23:50 (PDT)
Trevor Zegras,PP1,Philadelphia Flyers,2026-10-08 23:50 (PDT)
Matvei Michkov,PP1,Philadelphia Flyers,2026-10-08 23:50 (PDT)
Tyson Foerster,PP1,Philadelphia Flyers,2026-10-08 23:50 (PDT)
David Jiricek,PP1,Philadelphia Flyers,2026-10-08 23:50 (PDT)
Michael Bunting,PP2,Philadelphia Flyers,2026-10-08 23:50 (PDT)
Denver Barkey,PP2,Philadelphia Flyers,2026-10-08 23:50 (PDT)
Porter Martone,PP2,Philadelphia Flyers,2026-10-08 23:50 (PDT)
Owen Tippett,PP2,Philadelphia Flyers,2026-10-08 23:50 (PDT)
Jamie Drysdale,PP2,Philadelphia Flyers,2026-10-08 23:50 (PDT)
Sean Couturier,PK1,Philadelphia Flyers,2026-10-08 23:50 (PDT)
Christian Dvorak,PK1,Philadelphia Flyers,2026-10-08 23:50 (PDT)
Travis Sanheim,PK1,Philadelphia Flyers,2026-10-08 23:50 (PDT)
Cam York,PK1,Philadelphia Flyers,2026-10-08 23:50 (PDT)
Noah Cates,PK2,Philadelphia Flyers,2026-10-08 23:50 (PDT)
Tyson Foerster,PK2,Philadelphia Flyers,2026-10-08 23:50 (PDT)
Nick Seeler,PK2,Philadelphia Flyers,2026-10-08 23:50 (PDT)
Simon Benoit,PK2,Philadelphia Flyers,2026-10-08 23:50 (PDT)
Joseph Woll,G,Philadelphia Flyers,2026-10-08 23:50 (PDT)
Dan Vladar,G,Philadelphia Flyers,2026-10-08 23:50 (PDT)
Nikita Grebenkin,INJ,Philadelphia Flyers,2026-10-08 23:50 (PDT)
Rasmus Ristolainen,INJ,Philadelphia Flyers,2026-10-08 23:50 (PDT)
Hendrix Lapierre,F,Pittsburgh Penguins,2026-10-08 23:50 (PDT)
Sidney Crosby,F,Pittsburgh Penguins,2026-10-08 23:50 (PDT)
Rickard Rakell,F,Pittsburgh Penguins,2026-10-08 23:50 (PDT)
Egor Chinakhov,F,Pittsburgh Penguins,2026-10-08 23:50 (PDT)
Tommy Novak,F,Pittsburgh Penguins,2026-10-08 23:50 (PDT)
Evgeni Malkin,F,Pittsburgh Penguins,2026-10-08 23:50 (PDT)
Ville Koivunen,F,Pittsburgh Penguins,2026-10-08 23:50 (PDT)
Ben Kindel,F,Pittsburgh Penguins,2026-10-08 23:50 (PDT)
Bryan Rust,F,Pittsburgh Penguins,2026-10-08 23:50 (PDT)
Connor Dewar,F,Pittsburgh Penguins,2026-10-08 23:50 (PDT)
Blake Lizotte,F,Pittsburgh Penguins,2026-10-08 23:50 (PDT)
Nicholas Robertson,F,Pittsburgh Penguins,2026-10-08 23:50 (PDT)
Declan Carlile,D,Pittsburgh Penguins,2026-10-08 23:50 (PDT)
Erik Karlsson,D,Pittsburgh Penguins,2026-10-08 23:50 (PDT)
Samuel Girard,D,Pittsburgh Penguins,2026-10-08 23:50 (PDT)
Kaedan Korczak,D,Pittsburgh Penguins,2026-10-08 23:50 (PDT)
Trevor van Riemsdyk,D,Pittsburgh Penguins,2026-10-08 23:50 (PDT)
Kris Letang,D,Pittsburgh Penguins,2026-10-08 23:50 (PDT)
Ben Kindel,PP1,Pittsburgh Penguins,2026-10-08 23:50 (PDT)
Tommy Novak,PP1,Pittsburgh Penguins,2026-10-08 23:50 (PDT)
Rickard Rakell,PP1,Pittsburgh Penguins,2026-10-08 23:50 (PDT)
Erik Karlsson,PP1,Pittsburgh Penguins,2026-10-08 23:50 (PDT)
Sidney Crosby,PP1,Pittsburgh Penguins,2026-10-08 23:50 (PDT)
Bryan Rust,PP2,Pittsburgh Penguins,2026-10-08 23:50 (PDT)
Hendrix Lapierre,PP2,Pittsburgh Penguins,2026-10-08 23:50 (PDT)
Egor Chinakhov,PP2,Pittsburgh Penguins,2026-10-08 23:50 (PDT)
Kris Letang,PP2,Pittsburgh Penguins,2026-10-08 23:50 (PDT)
Evgeni Malkin,PP2,Pittsburgh Penguins,2026-10-08 23:50 (PDT)
Blake Lizotte,PK1,Pittsburgh Penguins,2026-10-08 23:50 (PDT)
Connor Dewar,PK1,Pittsburgh Penguins,2026-10-08 23:50 (PDT)
Samuel Girard,PK1,Pittsburgh Penguins,2026-10-08 23:50 (PDT)
Kris Letang,PK1,Pittsburgh Penguins,2026-10-08 23:50 (PDT)
Ben Kindel,PK2,Pittsburgh Penguins,2026-10-08 23:50 (PDT)
Rickard Rakell,PK2,Pittsburgh Penguins,2026-10-08 23:50 (PDT)
Trevor van Riemsdyk,PK2,Pittsburgh Penguins,2026-10-08 23:50 (PDT)
Erik Karlsson,PK2,Pittsburgh Penguins,2026-10-08 23:50 (PDT)
Arturs Silovs,G,Pittsburgh Penguins,2026-10-08 23:50 (PDT)
Sergei Murashov,G,Pittsburgh Penguins,2026-10-08 23:50 (PDT)
Justin Brazeau,INJ,Pittsburgh Penguins,2026-10-08 23:50 (PDT)
Mason Marchment,F,San Jose Sharks,2026-10-08 23:50 (PDT)
Will Smith,F,San Jose Sharks,2026-10-08 23:50 (PDT)
Igor Chernyshov,F,San Jose Sharks,2026-10-08 23:50 (PDT)
Ivar Stenberg,F,San Jose Sharks,2026-10-08 23:50 (PDT)
Alexander Wennberg,F,San Jose Sharks,2026-10-08 23:50 (PDT)
Kiefer Sherwood,F,San Jose Sharks,2026-10-08 23:50 (PDT)
Collin Graf,F,San Jose Sharks,2026-10-08 23:50 (PDT)
Michael Misa,F,San Jose Sharks,2026-10-08 23:50 (PDT)
Tyler Toffoli,F,San Jose Sharks,2026-10-08 23:50 (PDT)
Barclay Goodrow,F,San Jose Sharks,2026-10-08 23:50 (PDT)
Zack Ostapchuk,F,San Jose Sharks,2026-10-08 23:50 (PDT)
Ty Dellandrea,F,San Jose Sharks,2026-10-08 23:50 (PDT)
Darnell Nurse,D,San Jose Sharks,2026-10-08 23:50 (PDT)
Michael Kesselring,D,San Jose Sharks,2026-10-08 23:50 (PDT)
Sam Dickinson,D,San Jose Sharks,2026-10-08 23:50 (PDT)
Jacob Trouba,D,San Jose Sharks,2026-10-08 23:50 (PDT)
Dmitry Orlov,D,San Jose Sharks,2026-10-08 23:50 (PDT)
Luca Cagnoni,D,San Jose Sharks,2026-10-08 23:50 (PDT)
Will Smith,PP1,San Jose Sharks,2026-10-08 23:50 (PDT)
Alexander Wennberg,PP1,San Jose Sharks,2026-10-08 23:50 (PDT)
Igor Chernyshov,PP1,San Jose Sharks,2026-10-08 23:50 (PDT)
Luca Cagnoni,PP1,San Jose Sharks,2026-10-08 23:50 (PDT)
Ivar Stenberg,PP1,San Jose Sharks,2026-10-08 23:50 (PDT)
Mason Marchment,PP2,San Jose Sharks,2026-10-08 23:50 (PDT)
Michael Misa,PP2,San Jose Sharks,2026-10-08 23:50 (PDT)
Tyler Toffoli,PP2,San Jose Sharks,2026-10-08 23:50 (PDT)
Kiefer Sherwood,PP2,San Jose Sharks,2026-10-08 23:50 (PDT)
Dmitry Orlov,PP2,San Jose Sharks,2026-10-08 23:50 (PDT)
Alexander Wennberg,PK1,San Jose Sharks,2026-10-08 23:50 (PDT)
Collin Graf,PK1,San Jose Sharks,2026-10-08 23:50 (PDT)
Darnell Nurse,PK1,San Jose Sharks,2026-10-08 23:50 (PDT)
Jacob Trouba,PK1,San Jose Sharks,2026-10-08 23:50 (PDT)
Barclay Goodrow,PK2,San Jose Sharks,2026-10-08 23:50 (PDT)
Kiefer Sherwood,PK2,San Jose Sharks,2026-10-08 23:50 (PDT)
Sam Dickinson,PK2,San Jose Sharks,2026-10-08 23:50 (PDT)
Dmitry Orlov,PK2,San Jose Sharks,2026-10-08 23:50 (PDT)
Alex Nedeljkovic,G,San Jose Sharks,2026-10-08 23:50 (PDT)
Yaroslav Askarov,G,San Jose Sharks,2026-10-08 23:50 (PDT)
Macklin Celebrini,INJ,San Jose Sharks,2026-10-08 23:50 (PDT)
Jared McCann,F,Seattle Kraken,2026-10-08 23:50 (PDT)
Matty Beniers,F,Seattle Kraken,2026-10-08 23:50 (PDT)
Mackie Samoskevich,F,Seattle Kraken,2026-10-08 23:50 (PDT)
Bobby McMann,F,Seattle Kraken,2026-10-08 23:50 (PDT)
Chandler Stephenson,F,Seattle Kraken,2026-10-08 23:50 (PDT)
Jordan Eberle,F,Seattle Kraken,2026-10-08 23:50 (PDT)
Kaapo Kakko,F,Seattle Kraken,2026-10-08 23:50 (PDT)
Shane Wright,F,Seattle Kraken,2026-10-08 23:50 (PDT)
Berkly Catton,F,Seattle Kraken,2026-10-08 23:50 (PDT)
Ryan Winterton,F,Seattle Kraken,2026-10-08 23:50 (PDT)
Frederick Gaudreau,F,Seattle Kraken,2026-10-08 23:50 (PDT)
Ben Meyers,F,Seattle Kraken,2026-10-08 23:50 (PDT)
Vince Dunn,D,Seattle Kraken,2026-10-08 23:50 (PDT)
Adam Larsson,D,Seattle Kraken,2026-10-08 23:50 (PDT)
Ryker Evans,D,Seattle Kraken,2026-10-08 23:50 (PDT)
Brandon Montour,D,Seattle Kraken,2026-10-08 23:50 (PDT)
Ryan Lindgren,D,Seattle Kraken,2026-10-08 23:50 (PDT)
Cale Fleury,D,Seattle Kraken,2026-10-08 23:50 (PDT)
Kaapo Kakko,PP1,Seattle Kraken,2026-10-08 23:50 (PDT)
Shane Wright,PP1,Seattle Kraken,2026-10-08 23:50 (PDT)
Berkly Catton,PP1,Seattle Kraken,2026-10-08 23:50 (PDT)
Matty Beniers,PP1,Seattle Kraken,2026-10-08 23:50 (PDT)
Brandon Montour,PP1,Seattle Kraken,2026-10-08 23:50 (PDT)
Jordan Eberle,PP2,Seattle Kraken,2026-10-08 23:50 (PDT)
Bobby McMann,PP2,Seattle Kraken,2026-10-08 23:50 (PDT)
Jared McCann,PP2,Seattle Kraken,2026-10-08 23:50 (PDT)
Chandler Stephenson,PP2,Seattle Kraken,2026-10-08 23:50 (PDT)
Vince Dunn,PP2,Seattle Kraken,2026-10-08 23:50 (PDT)
Frederick Gaudreau,PK1,Seattle Kraken,2026-10-08 23:50 (PDT)
Ryan Winterton,PK1,Seattle Kraken,2026-10-08 23:50 (PDT)
Ryan Lindgren,PK1,Seattle Kraken,2026-10-08 23:50 (PDT)
Adam Larsson,PK1,Seattle Kraken,2026-10-08 23:50 (PDT)
Chandler Stephenson,PK2,Seattle Kraken,2026-10-08 23:50 (PDT)
Matty Beniers,PK2,Seattle Kraken,2026-10-08 23:50 (PDT)
Ryker Evans,PK2,Seattle Kraken,2026-10-08 23:50 (PDT)
Brandon Montour,PK2,Seattle Kraken,2026-10-08 23:50 (PDT)
Joey Daccord,G,Seattle Kraken,2026-10-08 23:50 (PDT)
Philipp Grubauer,G,Seattle Kraken,2026-10-08 23:50 (PDT)
Jacob Melanson,INJ,Seattle Kraken,2026-10-08 23:50 (PDT)
Ryan Lindgren,INJ,Seattle Kraken,2026-10-08 23:50 (PDT)
Dylan Holloway,F,St. Louis Blues,2026-10-08 23:51 (PDT)
Robert Thomas,F,St. Louis Blues,2026-10-08 23:51 (PDT)
Jimmy Snuggerud,F,St. Louis Blues,2026-10-08 23:51 (PDT)
Connor McMichael,F,St. Louis Blues,2026-10-08 23:51 (PDT)
Mason McTavish,F,St. Louis Blues,2026-10-08 23:51 (PDT)
Jonatan Berggren,F,St. Louis Blues,2026-10-08 23:51 (PDT)
Jake Neighbours,F,St. Louis Blues,2026-10-08 23:51 (PDT)
Dalibor Dvorsky,F,St. Louis Blues,2026-10-08 23:51 (PDT)
Pavel Buchnevich,F,St. Louis Blues,2026-10-08 23:51 (PDT)
Dillon Dube,F,St. Louis Blues,2026-10-08 23:51 (PDT)
Pius Suter,F,St. Louis Blues,2026-10-08 23:51 (PDT)
Ross Johnston,F,St. Louis Blues,2026-10-08 23:51 (PDT)
Philip Broberg,D,St. Louis Blues,2026-10-08 23:51 (PDT)
Adam  Jiříček,D,St. Louis Blues,2026-10-08 23:51 (PDT)
Justin Barron,D,St. Louis Blues,2026-10-08 23:51 (PDT)
Colton Parayko,D,St. Louis Blues,2026-10-08 23:51 (PDT)
Cam Fowler,D,St. Louis Blues,2026-10-08 23:51 (PDT)
Brandon Carlo,D,St. Louis Blues,2026-10-08 23:51 (PDT)
Jake Neighbours,PP1,St. Louis Blues,2026-10-08 23:51 (PDT)
Robert Thomas,PP1,St. Louis Blues,2026-10-08 23:51 (PDT)
Dylan Holloway,PP1,St. Louis Blues,2026-10-08 23:51 (PDT)
Jimmy Snuggerud,PP1,St. Louis Blues,2026-10-08 23:51 (PDT)
Adam  Jiříček,PP1,St. Louis Blues,2026-10-08 23:51 (PDT)
Mason McTavish,PP2,St. Louis Blues,2026-10-08 23:51 (PDT)
Pavel Buchnevich,PP2,St. Louis Blues,2026-10-08 23:51 (PDT)
Dalibor Dvorsky,PP2,St. Louis Blues,2026-10-08 23:51 (PDT)
Connor McMichael,PP2,St. Louis Blues,2026-10-08 23:51 (PDT)
Cam Fowler,PP2,St. Louis Blues,2026-10-08 23:51 (PDT)
Pius Suter,PK1,St. Louis Blues,2026-10-08 23:51 (PDT)
Pavel Buchnevich,PK1,St. Louis Blues,2026-10-08 23:51 (PDT)
Philip Broberg,PK1,St. Louis Blues,2026-10-08 23:51 (PDT)
Colton Parayko,PK1,St. Louis Blues,2026-10-08 23:51 (PDT)
Robert Thomas,PK2,St. Louis Blues,2026-10-08 23:51 (PDT)
Connor McMichael,PK2,St. Louis Blues,2026-10-08 23:51 (PDT)
Cam Fowler,PK2,St. Louis Blues,2026-10-08 23:51 (PDT)
Brandon Carlo,PK2,St. Louis Blues,2026-10-08 23:51 (PDT)
Joel Hofer,G,St. Louis Blues,2026-10-08 23:51 (PDT)
Jordan Binnington,G,St. Louis Blues,2026-10-08 23:51 (PDT)
Logan Mailloux,INJ,St. Louis Blues,2026-10-08 23:51 (PDT)
Tyler Tucker,INJ,St. Louis Blues,2026-10-08 23:51 (PDT)
Alexey Toropchenko,INJ,St. Louis Blues,2026-10-08 23:51 (PDT)
Gage Goncalves,F,Tampa Bay Lightning,2026-10-08 23:51 (PDT)
Brayden Point,F,Tampa Bay Lightning,2026-10-08 23:51 (PDT)
Nikita Kucherov,F,Tampa Bay Lightning,2026-10-08 23:51 (PDT)
Brandon Hagel,F,Tampa Bay Lightning,2026-10-08 23:51 (PDT)
Anthony Cirelli,F,Tampa Bay Lightning,2026-10-08 23:51 (PDT)
Jake Guentzel,F,Tampa Bay Lightning,2026-10-08 23:51 (PDT)
Ilya Mikheyev,F,Tampa Bay Lightning,2026-10-08 23:51 (PDT)
Zemgus Girgensons,F,Tampa Bay Lightning,2026-10-08 23:51 (PDT)
Pontus Holmberg,F,Tampa Bay Lightning,2026-10-08 23:51 (PDT)
Jeffrey Viel,F,Tampa Bay Lightning,2026-10-08 23:51 (PDT)
Conor Geekie,F,Tampa Bay Lightning,2026-10-08 23:51 (PDT)
J.J. Moser,D,Tampa Bay Lightning,2026-10-08 23:51 (PDT)
John Carlson,D,Tampa Bay Lightning,2026-10-08 23:51 (PDT)
Ryan McDonagh,D,Tampa Bay Lightning,2026-10-08 23:51 (PDT)
Erik Cernak,D,Tampa Bay Lightning,2026-10-08 23:51 (PDT)
Charle-Edouard D'Astous,D,Tampa Bay Lightning,2026-10-08 23:51 (PDT)
Maxwell Crozier,D,Tampa Bay Lightning,2026-10-08 23:51 (PDT)
Victor Hedman,D,Tampa Bay Lightning,2026-10-08 23:51 (PDT)
Jake Guentzel,PP1,Tampa Bay Lightning,2026-10-08 23:51 (PDT)
Brayden Point,PP1,Tampa Bay Lightning,2026-10-08 23:51 (PDT)
Nikita Kucherov,PP1,Tampa Bay Lightning,2026-10-08 23:51 (PDT)
John Carlson,PP1,Tampa Bay Lightning,2026-10-08 23:51 (PDT)
Charle-Edouard D'Astous,PP1,Tampa Bay Lightning,2026-10-08 23:51 (PDT)
Gage Goncalves,PP2,Tampa Bay Lightning,2026-10-08 23:51 (PDT)
Anthony Cirelli,PP2,Tampa Bay Lightning,2026-10-08 23:51 (PDT)
Conor Geekie,PP2,Tampa Bay Lightning,2026-10-08 23:51 (PDT)
Brandon Hagel,PP2,Tampa Bay Lightning,2026-10-08 23:51 (PDT)
J.J. Moser,PP2,Tampa Bay Lightning,2026-10-08 23:51 (PDT)
Anthony Cirelli,PK1,Tampa Bay Lightning,2026-10-08 23:51 (PDT)
Brandon Hagel,PK1,Tampa Bay Lightning,2026-10-08 23:51 (PDT)
Ryan McDonagh,PK1,Tampa Bay Lightning,2026-10-08 23:51 (PDT)
Erik Cernak,PK1,Tampa Bay Lightning,2026-10-08 23:51 (PDT)
Zemgus Girgensons,PK2,Tampa Bay Lightning,2026-10-08 23:51 (PDT)
Ilya Mikheyev,PK2,Tampa Bay Lightning,2026-10-08 23:51 (PDT)
Victor Hedman,PK2,Tampa Bay Lightning,2026-10-08 23:51 (PDT)
J.J. Moser,PK2,Tampa Bay Lightning,2026-10-08 23:51 (PDT)
Dennis Hildeby,G,Tampa Bay Lightning,2026-10-08 23:51 (PDT)
Andrei Vasilevskiy,G,Tampa Bay Lightning,2026-10-08 23:51 (PDT)
Yanni Gourde,INJ,Tampa Bay Lightning,2026-10-08 23:51 (PDT)
Dominic James,INJ,Tampa Bay Lightning,2026-10-08 23:51 (PDT)
Emil Lilleberg,INJ,Tampa Bay Lightning,2026-10-08 23:51 (PDT)
Kirill Marchenko,F,Toronto Maple Leafs,2026-10-08 23:51 (PDT)
Auston Matthews,F,Toronto Maple Leafs,2026-10-08 23:51 (PDT)
Jack Roslovic,F,Toronto Maple Leafs,2026-10-08 23:51 (PDT)
Easton Cowan,F,Toronto Maple Leafs,2026-10-08 23:51 (PDT)
John Tavares,F,Toronto Maple Leafs,2026-10-08 23:51 (PDT)
William Nylander,F,Toronto Maple Leafs,2026-10-08 23:51 (PDT)
Gavin McKenna,F,Toronto Maple Leafs,2026-10-08 23:51 (PDT)
Nick Paul,F,Toronto Maple Leafs,2026-10-08 23:51 (PDT)
Colton Sissons,F,Toronto Maple Leafs,2026-10-08 23:51 (PDT)
Brandon Duhaime,F,Toronto Maple Leafs,2026-10-08 23:51 (PDT)
Teddy Blueger,F,Toronto Maple Leafs,2026-10-08 23:51 (PDT)
Bo Groulx,F,Toronto Maple Leafs,2026-10-08 23:51 (PDT)
Jake McCabe,D,Toronto Maple Leafs,2026-10-08 23:51 (PDT)
Chris Tanev,D,Toronto Maple Leafs,2026-10-08 23:51 (PDT)
Morgan Rielly,D,Toronto Maple Leafs,2026-10-08 23:51 (PDT)
Darren Raddysh,D,Toronto Maple Leafs,2026-10-08 23:51 (PDT)
Oliver Ekman-Larsson,D,Toronto Maple Leafs,2026-10-08 23:51 (PDT)
Troy Stecher,D,Toronto Maple Leafs,2026-10-08 23:51 (PDT)
Kirill Marchenko,PP1,Toronto Maple Leafs,2026-10-08 23:51 (PDT)
John Tavares,PP1,Toronto Maple Leafs,2026-10-08 23:51 (PDT)
William Nylander,PP1,Toronto Maple Leafs,2026-10-08 23:51 (PDT)
Darren Raddysh,PP1,Toronto Maple Leafs,2026-10-08 23:51 (PDT)
Auston Matthews,PP1,Toronto Maple Leafs,2026-10-08 23:51 (PDT)
Easton Cowan,PP2,Toronto Maple Leafs,2026-10-08 23:51 (PDT)
Nick Paul,PP2,Toronto Maple Leafs,2026-10-08 23:51 (PDT)
Gavin McKenna,PP2,Toronto Maple Leafs,2026-10-08 23:51 (PDT)
Jack Roslovic,PP2,Toronto Maple Leafs,2026-10-08 23:51 (PDT)
Morgan Rielly,PP2,Toronto Maple Leafs,2026-10-08 23:51 (PDT)
Teddy Blueger,PK1,Toronto Maple Leafs,2026-10-08 23:51 (PDT)
Brandon Duhaime,PK1,Toronto Maple Leafs,2026-10-08 23:51 (PDT)
Jake McCabe,PK1,Toronto Maple Leafs,2026-10-08 23:51 (PDT)
Chris Tanev,PK1,Toronto Maple Leafs,2026-10-08 23:51 (PDT)
Nick Paul,PK2,Toronto Maple Leafs,2026-10-08 23:51 (PDT)
Colton Sissons,PK2,Toronto Maple Leafs,2026-10-08 23:51 (PDT)
Oliver Ekman-Larsson,PK2,Toronto Maple Leafs,2026-10-08 23:51 (PDT)
Darren Raddysh,PK2,Toronto Maple Leafs,2026-10-08 23:51 (PDT)
Sergei Bobrovsky,G,Toronto Maple Leafs,2026-10-08 23:51 (PDT)
Anthony Stolarz,G,Toronto Maple Leafs,2026-10-08 23:51 (PDT)
Elvis Merzlikins,INJ,Toronto Maple Leafs,2026-10-08 23:51 (PDT)
Max Domi,INJ,Toronto Maple Leafs,2026-10-08 23:51 (PDT)
Dakota Joshua,INJ,Toronto Maple Leafs,2026-10-08 23:51 (PDT)
Clayton Keller,F,Utah Mammoth,2026-10-08 23:51 (PDT)
Nick Schmaltz,F,Utah Mammoth,2026-10-08 23:51 (PDT)
Vincent Trocheck,F,Utah Mammoth,2026-10-08 23:51 (PDT)
Anders Lee,F,Utah Mammoth,2026-10-08 23:51 (PDT)
Logan Cooley,F,Utah Mammoth,2026-10-08 23:51 (PDT)
Dylan Guenther,F,Utah Mammoth,2026-10-08 23:51 (PDT)
Jack McBain,F,Utah Mammoth,2026-10-08 23:51 (PDT)
Barrett Hayton,F,Utah Mammoth,2026-10-08 23:51 (PDT)
Lawson Crouse,F,Utah Mammoth,2026-10-08 23:51 (PDT)
Michael Carcone,F,Utah Mammoth,2026-10-08 23:51 (PDT)
Kevin Stenlund,F,Utah Mammoth,2026-10-08 23:51 (PDT)
Daniil But,F,Utah Mammoth,2026-10-08 23:51 (PDT)
Mikhail Sergachev,D,Utah Mammoth,2026-10-08 23:51 (PDT)
MacKenzie Weegar,D,Utah Mammoth,2026-10-08 23:51 (PDT)
Nate Schmidt,D,Utah Mammoth,2026-10-08 23:51 (PDT)
John Marino,D,Utah Mammoth,2026-10-08 23:51 (PDT)
Dmitri Simashev,D,Utah Mammoth,2026-10-08 23:51 (PDT)
Andrew Peeke,D,Utah Mammoth,2026-10-08 23:51 (PDT)
Nick Schmaltz,PP1,Utah Mammoth,2026-10-08 23:51 (PDT)
Logan Cooley,PP1,Utah Mammoth,2026-10-08 23:51 (PDT)
Clayton Keller,PP1,Utah Mammoth,2026-10-08 23:51 (PDT)
Dylan Guenther,PP1,Utah Mammoth,2026-10-08 23:51 (PDT)
Mikhail Sergachev,PP1,Utah Mammoth,2026-10-08 23:51 (PDT)
Anders Lee,PP2,Utah Mammoth,2026-10-08 23:51 (PDT)
Vincent Trocheck,PP2,Utah Mammoth,2026-10-08 23:51 (PDT)
Michael Carcone,PP2,Utah Mammoth,2026-10-08 23:51 (PDT)
Daniil But,PP2,Utah Mammoth,2026-10-08 23:51 (PDT)
John Marino,PP2,Utah Mammoth,2026-10-08 23:51 (PDT)
Nick Schmaltz,PK1,Utah Mammoth,2026-10-08 23:51 (PDT)
Lawson Crouse,PK1,Utah Mammoth,2026-10-08 23:51 (PDT)
Mikhail Sergachev,PK1,Utah Mammoth,2026-10-08 23:51 (PDT)
MacKenzie Weegar,PK1,Utah Mammoth,2026-10-08 23:51 (PDT)
Kevin Stenlund,PK2,Utah Mammoth,2026-10-08 23:51 (PDT)
Jack McBain,PK2,Utah Mammoth,2026-10-08 23:51 (PDT)
Nate Schmidt,PK2,Utah Mammoth,2026-10-08 23:51 (PDT)
John Marino,PK2,Utah Mammoth,2026-10-08 23:51 (PDT)
Karel Vejmelka,G,Utah Mammoth,2026-10-08 23:51 (PDT)
Sebastian Cossa,G,Utah Mammoth,2026-10-08 23:51 (PDT)
Jake DeBrusk,F,Vancouver Canucks,2026-10-08 23:51 (PDT)
Elias Pettersson,F,Vancouver Canucks,2026-10-08 23:51 (PDT)
Jonathan Lekkerimaki,F,Vancouver Canucks,2026-10-08 23:51 (PDT)
Paul Cotter,F,Vancouver Canucks,2026-10-08 23:51 (PDT)
Marco Rossi,F,Vancouver Canucks,2026-10-08 23:51 (PDT)
Brock Boeser,F,Vancouver Canucks,2026-10-08 23:51 (PDT)
Liam Ohgren,F,Vancouver Canucks,2026-10-08 23:51 (PDT)
Max Sasson,F,Vancouver Canucks,2026-10-08 23:51 (PDT)
Linus Karlsson,F,Vancouver Canucks,2026-10-08 23:51 (PDT)
Arshdeep Bains,F,Vancouver Canucks,2026-10-08 23:51 (PDT)
Aatu Raty,F,Vancouver Canucks,2026-10-08 23:51 (PDT)
Drew O'Connor,F,Vancouver Canucks,2026-10-08 23:51 (PDT)
Zeev Buium,D,Vancouver Canucks,2026-10-08 23:51 (PDT)
Filip Hronek,D,Vancouver Canucks,2026-10-08 23:51 (PDT)
Jamie Oleksiak,D,Vancouver Canucks,2026-10-08 23:51 (PDT)
Tom Willander,D,Vancouver Canucks,2026-10-08 23:51 (PDT)
Elias Nils Pettersson,D,Vancouver Canucks,2026-10-08 23:51 (PDT)
Victor Mancini,D,Vancouver Canucks,2026-10-08 23:51 (PDT)
Jake DeBrusk,PP1,Vancouver Canucks,2026-10-08 23:51 (PDT)
Elias Pettersson,PP1,Vancouver Canucks,2026-10-08 23:51 (PDT)
Brock Boeser,PP1,Vancouver Canucks,2026-10-08 23:51 (PDT)
Filip Hronek,PP1,Vancouver Canucks,2026-10-08 23:51 (PDT)
Marco Rossi,PP1,Vancouver Canucks,2026-10-08 23:51 (PDT)
Jonathan Lekkerimaki,PP2,Vancouver Canucks,2026-10-08 23:51 (PDT)
Linus Karlsson,PP2,Vancouver Canucks,2026-10-08 23:51 (PDT)
Liam Ohgren,PP2,Vancouver Canucks,2026-10-08 23:51 (PDT)
Zeev Buium,PP2,Vancouver Canucks,2026-10-08 23:51 (PDT)
Tom Willander,PP2,Vancouver Canucks,2026-10-08 23:51 (PDT)
Elias Pettersson,PK1,Vancouver Canucks,2026-10-08 23:51 (PDT)
Drew O'Connor,PK1,Vancouver Canucks,2026-10-08 23:51 (PDT)
Jamie Oleksiak,PK1,Vancouver Canucks,2026-10-08 23:51 (PDT)
Filip Hronek,PK1,Vancouver Canucks,2026-10-08 23:51 (PDT)
Paul Cotter,PK2,Vancouver Canucks,2026-10-08 23:51 (PDT)
Brock Boeser,PK2,Vancouver Canucks,2026-10-08 23:51 (PDT)
Elias Nils Pettersson,PK2,Vancouver Canucks,2026-10-08 23:51 (PDT)
Tom Willander,PK2,Vancouver Canucks,2026-10-08 23:51 (PDT)
Kevin Lankinen,G,Vancouver Canucks,2026-10-08 23:51 (PDT)
Leevi Merilainen,G,Vancouver Canucks,2026-10-08 23:51 (PDT)
Thatcher Demko,INJ,Vancouver Canucks,2026-10-08 23:51 (PDT)
Filip Chytil,INJ,Vancouver Canucks,2026-10-08 23:51 (PDT)
Ivan Barbashev,F,Vegas Golden Knights,2026-10-08 23:51 (PDT)
Jack Eichel,F,Vegas Golden Knights,2026-10-08 23:51 (PDT)
Mark Stone,F,Vegas Golden Knights,2026-10-08 23:51 (PDT)
Brett Howden,F,Vegas Golden Knights,2026-10-08 23:51 (PDT)
William Karlsson,F,Vegas Golden Knights,2026-10-08 23:51 (PDT)
Mitch Marner,F,Vegas Golden Knights,2026-10-08 23:51 (PDT)
Trevor Connelly,F,Vegas Golden Knights,2026-10-08 23:51 (PDT)
Tomas Hertl,F,Vegas Golden Knights,2026-10-08 23:51 (PDT)
Raphael Lavoie,F,Vegas Golden Knights,2026-10-08 23:51 (PDT)
Braeden Bowman,F,Vegas Golden Knights,2026-10-08 23:51 (PDT)
Nic Dowd,F,Vegas Golden Knights,2026-10-08 23:51 (PDT)
Marc Gatcomb,F,Vegas Golden Knights,2026-10-08 23:51 (PDT)
Brayden McNabb,D,Vegas Golden Knights,2026-10-08 23:51 (PDT)
Shea Theodore,D,Vegas Golden Knights,2026-10-08 23:51 (PDT)
Parker Wotherspoon,D,Vegas Golden Knights,2026-10-08 23:51 (PDT)
Rasmus Andersson,D,Vegas Golden Knights,2026-10-08 23:51 (PDT)
Jeremy Lauzon,D,Vegas Golden Knights,2026-10-08 23:51 (PDT)
Noah Hanifin,D,Vegas Golden Knights,2026-10-08 23:51 (PDT)
Mark Stone,PP1,Vegas Golden Knights,2026-10-08 23:51 (PDT)
Tomas Hertl,PP1,Vegas Golden Knights,2026-10-08 23:51 (PDT)
Trevor Connelly,PP1,Vegas Golden Knights,2026-10-08 23:51 (PDT)
Jack Eichel,PP1,Vegas Golden Knights,2026-10-08 23:51 (PDT)
Mitch Marner,PP1,Vegas Golden Knights,2026-10-08 23:51 (PDT)
Ivan Barbashev,PP2,Vegas Golden Knights,2026-10-08 23:51 (PDT)
William Karlsson,PP2,Vegas Golden Knights,2026-10-08 23:51 (PDT)
Braeden Bowman,PP2,Vegas Golden Knights,2026-10-08 23:51 (PDT)
Rasmus Andersson,PP2,Vegas Golden Knights,2026-10-08 23:51 (PDT)
Shea Theodore,PP2,Vegas Golden Knights,2026-10-08 23:51 (PDT)
William Karlsson,PK1,Vegas Golden Knights,2026-10-08 23:51 (PDT)
Mitch Marner,PK1,Vegas Golden Knights,2026-10-08 23:51 (PDT)
Brayden McNabb,PK1,Vegas Golden Knights,2026-10-08 23:51 (PDT)
Shea Theodore,PK1,Vegas Golden Knights,2026-10-08 23:51 (PDT)
Jack Eichel,PK2,Vegas Golden Knights,2026-10-08 23:51 (PDT)
Mark Stone,PK2,Vegas Golden Knights,2026-10-08 23:51 (PDT)
Jeremy Lauzon,PK2,Vegas Golden Knights,2026-10-08 23:51 (PDT)
Noah Hanifin,PK2,Vegas Golden Knights,2026-10-08 23:51 (PDT)
Carter Hart,G,Vegas Golden Knights,2026-10-08 23:51 (PDT)
Adin Hill,G,Vegas Golden Knights,2026-10-08 23:51 (PDT)
Victor Olofsson,INJ,Vegas Golden Knights,2026-10-08 23:51 (PDT)
Alex Tuch,F,Washington Capitals,2026-10-08 23:51 (PDT)
Pierre-Luc Dubois,F,Washington Capitals,2026-10-08 23:51 (PDT)
Tom Wilson,F,Washington Capitals,2026-10-08 23:51 (PDT)
Alex Ovechkin,F,Washington Capitals,2026-10-08 23:51 (PDT)
Dylan Strome,F,Washington Capitals,2026-10-08 23:51 (PDT)
Anthony Beauvillier,F,Washington Capitals,2026-10-08 23:51 (PDT)
Aliaksei Protas,F,Washington Capitals,2026-10-08 23:51 (PDT)
Ilya Protas,F,Washington Capitals,2026-10-08 23:51 (PDT)
Jordan Kyrou,F,Washington Capitals,2026-10-08 23:51 (PDT)
Boone Jenner,F,Washington Capitals,2026-10-08 23:51 (PDT)
Justin Sourdif,F,Washington Capitals,2026-10-08 23:51 (PDT)
Ryan Leonard,F,Washington Capitals,2026-10-08 23:51 (PDT)
Jakob Chychrun,D,Washington Capitals,2026-10-08 23:51 (PDT)
Timothy Liljegren,D,Washington Capitals,2026-10-08 23:51 (PDT)
Martin Fehervary,D,Washington Capitals,2026-10-08 23:51 (PDT)
Vincent Desharnais,D,Washington Capitals,2026-10-08 23:51 (PDT)
Cole Hutson,D,Washington Capitals,2026-10-08 23:51 (PDT)
Dylan McIlrath,D,Washington Capitals,2026-10-08 23:51 (PDT)
Tom Wilson,PP1,Washington Capitals,2026-10-08 23:51 (PDT)
Dylan Strome,PP1,Washington Capitals,2026-10-08 23:51 (PDT)
Pierre-Luc Dubois,PP1,Washington Capitals,2026-10-08 23:51 (PDT)
Alex Ovechkin,PP1,Washington Capitals,2026-10-08 23:51 (PDT)
Jakob Chychrun,PP1,Washington Capitals,2026-10-08 23:51 (PDT)
Alex Tuch,PP2,Washington Capitals,2026-10-08 23:51 (PDT)
Ilya Protas,PP2,Washington Capitals,2026-10-08 23:51 (PDT)
Ryan Leonard,PP2,Washington Capitals,2026-10-08 23:51 (PDT)
Cole Hutson,PP2,Washington Capitals,2026-10-08 23:51 (PDT)
Jordan Kyrou,PP2,Washington Capitals,2026-10-08 23:51 (PDT)
Aliaksei Protas,PK1,Washington Capitals,2026-10-08 23:51 (PDT)
Tom Wilson,PK1,Washington Capitals,2026-10-08 23:51 (PDT)
Martin Fehervary,PK1,Washington Capitals,2026-10-08 23:51 (PDT)
Vincent Desharnais,PK1,Washington Capitals,2026-10-08 23:51 (PDT)
Boone Jenner,PK2,Washington Capitals,2026-10-08 23:51 (PDT)
Alex Tuch,PK2,Washington Capitals,2026-10-08 23:51 (PDT)
Jakob Chychrun,PK2,Washington Capitals,2026-10-08 23:51 (PDT)
Timothy Liljegren,PK2,Washington Capitals,2026-10-08 23:51 (PDT)
Logan Thompson,G,Washington Capitals,2026-10-08 23:51 (PDT)
Charlie Lindgren,G,Washington Capitals,2026-10-08 23:51 (PDT)
Rasmus Sandin,INJ,Washington Capitals,2026-10-08 23:51 (PDT)
Matt Roy,INJ,Washington Capitals,2026-10-08 23:51 (PDT)
Kyle Connor,F,Winnipeg Jets,2026-10-08 23:51 (PDT)
Mark Scheifele,F,Winnipeg Jets,2026-10-08 23:51 (PDT)
Cole Perfetti,F,Winnipeg Jets,2026-10-08 23:51 (PDT)
Isak Rosen,F,Winnipeg Jets,2026-10-08 23:51 (PDT)
Viggo Björck,F,Winnipeg Jets,2026-10-08 23:51 (PDT)
Gabriel Vilardi,F,Winnipeg Jets,2026-10-08 23:51 (PDT)
Morgan Barron,F,Winnipeg Jets,2026-10-08 23:51 (PDT)
Adam Lowry,F,Winnipeg Jets,2026-10-08 23:51 (PDT)
Alex Iafallo,F,Winnipeg Jets,2026-10-08 23:51 (PDT)
Cole Koepke,F,Winnipeg Jets,2026-10-08 23:51 (PDT)
Vladislav Namestnikov,F,Winnipeg Jets,2026-10-08 23:51 (PDT)
Brad Lambert,F,Winnipeg Jets,2026-10-08 23:51 (PDT)
Josh Morrissey,D,Winnipeg Jets,2026-10-08 23:51 (PDT)
Neal Pionk,D,Winnipeg Jets,2026-10-08 23:51 (PDT)
Dylan Samberg,D,Winnipeg Jets,2026-10-08 23:51 (PDT)
Dylan DeMelo,D,Winnipeg Jets,2026-10-08 23:51 (PDT)
Mario Ferraro,D,Winnipeg Jets,2026-10-08 23:51 (PDT)
Jack St. Ivany,D,Winnipeg Jets,2026-10-08 23:51 (PDT)
Gabriel Vilardi,PP1,Winnipeg Jets,2026-10-08 23:51 (PDT)
Mark Scheifele,PP1,Winnipeg Jets,2026-10-08 23:51 (PDT)
Cole Perfetti,PP1,Winnipeg Jets,2026-10-08 23:51 (PDT)
Josh Morrissey,PP1,Winnipeg Jets,2026-10-08 23:51 (PDT)
Kyle Connor,PP1,Winnipeg Jets,2026-10-08 23:51 (PDT)
Alex Iafallo,PP2,Winnipeg Jets,2026-10-08 23:51 (PDT)
Viggo Björck,PP2,Winnipeg Jets,2026-10-08 23:51 (PDT)
Vladislav Namestnikov,PP2,Winnipeg Jets,2026-10-08 23:51 (PDT)
Neal Pionk,PP2,Winnipeg Jets,2026-10-08 23:51 (PDT)
Isak Rosen,PP2,Winnipeg Jets,2026-10-08 23:51 (PDT)
Viggo Björck,PK1,Winnipeg Jets,2026-10-08 23:51 (PDT)
Alex Iafallo,PK1,Winnipeg Jets,2026-10-08 23:51 (PDT)
Dylan Samberg,PK1,Winnipeg Jets,2026-10-08 23:51 (PDT)
Neal Pionk,PK1,Winnipeg Jets,2026-10-08 23:51 (PDT)
Adam Lowry,PK2,Winnipeg Jets,2026-10-08 23:51 (PDT)
Kyle Connor,PK2,Winnipeg Jets,2026-10-08 23:51 (PDT)
Mario Ferraro,PK2,Winnipeg Jets,2026-10-08 23:51 (PDT)
Dylan DeMelo,PK2,Winnipeg Jets,2026-10-08 23:51 (PDT)
Stuart Skinner,G,Winnipeg Jets,2026-10-08 23:51 (PDT)
Clay Stevenson,G,Winnipeg Jets,2026-10-08 23:51 (PDT)
Elias Salomonsson,INJ,Winnipeg Jets,2026-10-08 23:51 (PDT)
Connor Hellebuyck,INJ,Winnipeg Jets,2026-10-08 23:51 (PDT)
Josh Morrissey,INJ,Winnipeg Jets,2026-10-08 23:51 (PDT)
